-- MySQL dump 10.13  Distrib 8.0.13, for Win64 (x86_64)
--
-- Host: localhost    Database: probqa_prod
-- ------------------------------------------------------
-- Server version	8.0.11

/*!40101 SET @OLD_CHARACTER_SET_CLIENT=@@CHARACTER_SET_CLIENT */;
/*!40101 SET @OLD_CHARACTER_SET_RESULTS=@@CHARACTER_SET_RESULTS */;
/*!40101 SET @OLD_COLLATION_CONNECTION=@@COLLATION_CONNECTION */;
 SET NAMES utf8 ;
/*!40103 SET @OLD_TIME_ZONE=@@TIME_ZONE */;
/*!40103 SET TIME_ZONE='+00:00' */;
/*!40014 SET @OLD_UNIQUE_CHECKS=@@UNIQUE_CHECKS, UNIQUE_CHECKS=0 */;
/*!40014 SET @OLD_FOREIGN_KEY_CHECKS=@@FOREIGN_KEY_CHECKS, FOREIGN_KEY_CHECKS=0 */;
/*!40101 SET @OLD_SQL_MODE=@@SQL_MODE, SQL_MODE='NO_AUTO_VALUE_ON_ZERO' */;
/*!40111 SET @OLD_SQL_NOTES=@@SQL_NOTES, SQL_NOTES=0 */;

--
-- Table structure for table `auth_group`
--

DROP TABLE IF EXISTS `auth_group`;
/*!40101 SET @saved_cs_client     = @@character_set_client */;
 SET character_set_client = utf8mb4 ;
CREATE TABLE `auth_group` (
  `id` int(11) NOT NULL AUTO_INCREMENT,
  `name` varchar(80) COLLATE utf8_unicode_ci NOT NULL,
  PRIMARY KEY (`id`),
  UNIQUE KEY `name` (`name`)
) ENGINE=InnoDB AUTO_INCREMENT=2 DEFAULT CHARSET=utf8 COLLATE=utf8_unicode_ci;
/*!40101 SET character_set_client = @saved_cs_client */;

--
-- Dumping data for table `auth_group`
--

LOCK TABLES `auth_group` WRITE;
/*!40000 ALTER TABLE `auth_group` DISABLE KEYS */;
INSERT INTO `auth_group` VALUES (1,'Teaching');
/*!40000 ALTER TABLE `auth_group` ENABLE KEYS */;
UNLOCK TABLES;

--
-- Table structure for table `auth_group_permissions`
--

DROP TABLE IF EXISTS `auth_group_permissions`;
/*!40101 SET @saved_cs_client     = @@character_set_client */;
 SET character_set_client = utf8mb4 ;
CREATE TABLE `auth_group_permissions` (
  `id` int(11) NOT NULL AUTO_INCREMENT,
  `group_id` int(11) NOT NULL,
  `permission_id` int(11) NOT NULL,
  PRIMARY KEY (`id`),
  UNIQUE KEY `auth_group_permissions_group_id_permission_id_0cd325b0_uniq` (`group_id`,`permission_id`),
  KEY `auth_group_permissio_permission_id_84c5c92e_fk_auth_perm` (`permission_id`),
  CONSTRAINT `auth_group_permissio_permission_id_84c5c92e_fk_auth_perm` FOREIGN KEY (`permission_id`) REFERENCES `auth_permission` (`id`),
  CONSTRAINT `auth_group_permissions_group_id_b120cbf9_fk_auth_group_id` FOREIGN KEY (`group_id`) REFERENCES `auth_group` (`id`)
) ENGINE=InnoDB DEFAULT CHARSET=utf8 COLLATE=utf8_unicode_ci;
/*!40101 SET character_set_client = @saved_cs_client */;

--
-- Dumping data for table `auth_group_permissions`
--

LOCK TABLES `auth_group_permissions` WRITE;
/*!40000 ALTER TABLE `auth_group_permissions` DISABLE KEYS */;
/*!40000 ALTER TABLE `auth_group_permissions` ENABLE KEYS */;
UNLOCK TABLES;

--
-- Table structure for table `auth_permission`
--

DROP TABLE IF EXISTS `auth_permission`;
/*!40101 SET @saved_cs_client     = @@character_set_client */;
 SET character_set_client = utf8mb4 ;
CREATE TABLE `auth_permission` (
  `id` int(11) NOT NULL AUTO_INCREMENT,
  `name` varchar(255) COLLATE utf8_unicode_ci NOT NULL,
  `content_type_id` int(11) NOT NULL,
  `codename` varchar(100) COLLATE utf8_unicode_ci NOT NULL,
  PRIMARY KEY (`id`),
  UNIQUE KEY `auth_permission_content_type_id_codename_01ab375a_uniq` (`content_type_id`,`codename`),
  CONSTRAINT `auth_permission_content_type_id_2f476e4b_fk_django_co` FOREIGN KEY (`content_type_id`) REFERENCES `django_content_type` (`id`)
) ENGINE=InnoDB AUTO_INCREMENT=53 DEFAULT CHARSET=utf8 COLLATE=utf8_unicode_ci;
/*!40101 SET character_set_client = @saved_cs_client */;

--
-- Dumping data for table `auth_permission`
--

LOCK TABLES `auth_permission` WRITE;
/*!40000 ALTER TABLE `auth_permission` DISABLE KEYS */;
INSERT INTO `auth_permission` VALUES (1,'Can add answer',1,'add_answer'),(2,'Can change answer',1,'change_answer'),(3,'Can delete answer',1,'delete_answer'),(4,'Can view answer',1,'view_answer'),(5,'Can add knowledge base',2,'add_knowledgebase'),(6,'Can change knowledge base',2,'change_knowledgebase'),(7,'Can delete knowledge base',2,'delete_knowledgebase'),(8,'Can view knowledge base',2,'view_knowledgebase'),(9,'Can add question',3,'add_question'),(10,'Can change question',3,'change_question'),(11,'Can delete question',3,'delete_question'),(12,'Can view question',3,'view_question'),(13,'Can add quiz',4,'add_quiz'),(14,'Can change quiz',4,'change_quiz'),(15,'Can delete quiz',4,'delete_quiz'),(16,'Can view quiz',4,'view_quiz'),(17,'Can add quiz choice',5,'add_quizchoice'),(18,'Can change quiz choice',5,'change_quizchoice'),(19,'Can delete quiz choice',5,'delete_quizchoice'),(20,'Can view quiz choice',5,'view_quizchoice'),(21,'Can add quiz target',6,'add_quiztarget'),(22,'Can change quiz target',6,'change_quiztarget'),(23,'Can delete quiz target',6,'delete_quiztarget'),(24,'Can view quiz target',6,'view_quiztarget'),(25,'Can add target',7,'add_target'),(26,'Can change target',7,'change_target'),(27,'Can delete target',7,'delete_target'),(28,'Can view target',7,'view_target'),(29,'Can add log entry',8,'add_logentry'),(30,'Can change log entry',8,'change_logentry'),(31,'Can delete log entry',8,'delete_logentry'),(32,'Can view log entry',8,'view_logentry'),(33,'Can add permission',9,'add_permission'),(34,'Can change permission',9,'change_permission'),(35,'Can delete permission',9,'delete_permission'),(36,'Can view permission',9,'view_permission'),(37,'Can add group',10,'add_group'),(38,'Can change group',10,'change_group'),(39,'Can delete group',10,'delete_group'),(40,'Can view group',10,'view_group'),(41,'Can add user',11,'add_user'),(42,'Can change user',11,'change_user'),(43,'Can delete user',11,'delete_user'),(44,'Can view user',11,'view_user'),(45,'Can add content type',12,'add_contenttype'),(46,'Can change content type',12,'change_contenttype'),(47,'Can delete content type',12,'delete_contenttype'),(48,'Can view content type',12,'view_contenttype'),(49,'Can add session',13,'add_session'),(50,'Can change session',13,'change_session'),(51,'Can delete session',13,'delete_session'),(52,'Can view session',13,'view_session');
/*!40000 ALTER TABLE `auth_permission` ENABLE KEYS */;
UNLOCK TABLES;

--
-- Table structure for table `auth_user`
--

DROP TABLE IF EXISTS `auth_user`;
/*!40101 SET @saved_cs_client     = @@character_set_client */;
 SET character_set_client = utf8mb4 ;
CREATE TABLE `auth_user` (
  `id` int(11) NOT NULL AUTO_INCREMENT,
  `password` varchar(128) COLLATE utf8_unicode_ci NOT NULL,
  `last_login` datetime(6) DEFAULT NULL,
  `is_superuser` tinyint(1) NOT NULL,
  `username` varchar(150) COLLATE utf8_unicode_ci NOT NULL,
  `first_name` varchar(30) COLLATE utf8_unicode_ci NOT NULL,
  `last_name` varchar(150) COLLATE utf8_unicode_ci NOT NULL,
  `email` varchar(254) COLLATE utf8_unicode_ci NOT NULL,
  `is_staff` tinyint(1) NOT NULL,
  `is_active` tinyint(1) NOT NULL,
  `date_joined` datetime(6) NOT NULL,
  PRIMARY KEY (`id`),
  UNIQUE KEY `username` (`username`)
) ENGINE=InnoDB AUTO_INCREMENT=2 DEFAULT CHARSET=utf8 COLLATE=utf8_unicode_ci;
/*!40101 SET character_set_client = @saved_cs_client */;

--
-- Dumping data for table `auth_user`
--

LOCK TABLES `auth_user` WRITE;
/*!40000 ALTER TABLE `auth_user` DISABLE KEYS */;
INSERT INTO `auth_user` VALUES (1,'pbkdf2_sha256$120000$u0ek3UoMOn8F$NozcF6o+UkogoEg8mC/EtrYZLIUBE0WN4ISSmciJ/lg=','2019-01-16 20:11:21.000000',1,'admin','','','serge.rogatch@gmail.com',1,1,'2019-01-16 20:10:31.000000');
/*!40000 ALTER TABLE `auth_user` ENABLE KEYS */;
UNLOCK TABLES;

--
-- Table structure for table `auth_user_groups`
--

DROP TABLE IF EXISTS `auth_user_groups`;
/*!40101 SET @saved_cs_client     = @@character_set_client */;
 SET character_set_client = utf8mb4 ;
CREATE TABLE `auth_user_groups` (
  `id` int(11) NOT NULL AUTO_INCREMENT,
  `user_id` int(11) NOT NULL,
  `group_id` int(11) NOT NULL,
  PRIMARY KEY (`id`),
  UNIQUE KEY `auth_user_groups_user_id_group_id_94350c0c_uniq` (`user_id`,`group_id`),
  KEY `auth_user_groups_group_id_97559544_fk_auth_group_id` (`group_id`),
  CONSTRAINT `auth_user_groups_group_id_97559544_fk_auth_group_id` FOREIGN KEY (`group_id`) REFERENCES `auth_group` (`id`),
  CONSTRAINT `auth_user_groups_user_id_6a12ed8b_fk_auth_user_id` FOREIGN KEY (`user_id`) REFERENCES `auth_user` (`id`)
) ENGINE=InnoDB AUTO_INCREMENT=2 DEFAULT CHARSET=utf8 COLLATE=utf8_unicode_ci;
/*!40101 SET character_set_client = @saved_cs_client */;

--
-- Dumping data for table `auth_user_groups`
--

LOCK TABLES `auth_user_groups` WRITE;
/*!40000 ALTER TABLE `auth_user_groups` DISABLE KEYS */;
INSERT INTO `auth_user_groups` VALUES (1,1,1);
/*!40000 ALTER TABLE `auth_user_groups` ENABLE KEYS */;
UNLOCK TABLES;

--
-- Table structure for table `auth_user_user_permissions`
--

DROP TABLE IF EXISTS `auth_user_user_permissions`;
/*!40101 SET @saved_cs_client     = @@character_set_client */;
 SET character_set_client = utf8mb4 ;
CREATE TABLE `auth_user_user_permissions` (
  `id` int(11) NOT NULL AUTO_INCREMENT,
  `user_id` int(11) NOT NULL,
  `permission_id` int(11) NOT NULL,
  PRIMARY KEY (`id`),
  UNIQUE KEY `auth_user_user_permissions_user_id_permission_id_14a6b632_uniq` (`user_id`,`permission_id`),
  KEY `auth_user_user_permi_permission_id_1fbb5f2c_fk_auth_perm` (`permission_id`),
  CONSTRAINT `auth_user_user_permi_permission_id_1fbb5f2c_fk_auth_perm` FOREIGN KEY (`permission_id`) REFERENCES `auth_permission` (`id`),
  CONSTRAINT `auth_user_user_permissions_user_id_a95ead1b_fk_auth_user_id` FOREIGN KEY (`user_id`) REFERENCES `auth_user` (`id`)
) ENGINE=InnoDB DEFAULT CHARSET=utf8 COLLATE=utf8_unicode_ci;
/*!40101 SET character_set_client = @saved_cs_client */;

--
-- Dumping data for table `auth_user_user_permissions`
--

LOCK TABLES `auth_user_user_permissions` WRITE;
/*!40000 ALTER TABLE `auth_user_user_permissions` DISABLE KEYS */;
/*!40000 ALTER TABLE `auth_user_user_permissions` ENABLE KEYS */;
UNLOCK TABLES;

--
-- Table structure for table `django_admin_log`
--

DROP TABLE IF EXISTS `django_admin_log`;
/*!40101 SET @saved_cs_client     = @@character_set_client */;
 SET character_set_client = utf8mb4 ;
CREATE TABLE `django_admin_log` (
  `id` int(11) NOT NULL AUTO_INCREMENT,
  `action_time` datetime(6) NOT NULL,
  `object_id` longtext COLLATE utf8_unicode_ci,
  `object_repr` varchar(200) COLLATE utf8_unicode_ci NOT NULL,
  `action_flag` smallint(5) unsigned NOT NULL,
  `change_message` longtext COLLATE utf8_unicode_ci NOT NULL,
  `content_type_id` int(11) DEFAULT NULL,
  `user_id` int(11) NOT NULL,
  PRIMARY KEY (`id`),
  KEY `django_admin_log_content_type_id_c4bce8eb_fk_django_co` (`content_type_id`),
  KEY `django_admin_log_user_id_c564eba6_fk_auth_user_id` (`user_id`),
  CONSTRAINT `django_admin_log_content_type_id_c4bce8eb_fk_django_co` FOREIGN KEY (`content_type_id`) REFERENCES `django_content_type` (`id`),
  CONSTRAINT `django_admin_log_user_id_c564eba6_fk_auth_user_id` FOREIGN KEY (`user_id`) REFERENCES `auth_user` (`id`)
) ENGINE=InnoDB AUTO_INCREMENT=68 DEFAULT CHARSET=utf8 COLLATE=utf8_unicode_ci;
/*!40101 SET character_set_client = @saved_cs_client */;

--
-- Dumping data for table `django_admin_log`
--

LOCK TABLES `django_admin_log` WRITE;
/*!40000 ALTER TABLE `django_admin_log` DISABLE KEYS */;
INSERT INTO `django_admin_log` VALUES (1,'2019-01-16 20:29:02.036250','1','Title=[Fallout 4], Link=[https://en.wikipedia.org/wiki/Fallout_4], ImageMD5=[cdcb5e95670bbe34a873f1135abc35cc], Descr=[Fallout 4 is an action role-playing game set in an open world environment, gamepl',1,'[{\"added\": {}}]',7,1),(2,'2019-01-16 20:46:38.534410','1','Teaching',1,'[{\"added\": {}}]',10,1),(3,'2019-01-16 20:47:48.032275','1','admin',2,'[{\"changed\": {\"fields\": [\"groups\"]}}]',11,1),(4,'2019-01-16 20:49:09.966555','1','PqaID=[None], Message=[Is the game about future?], Created=[2019-01-16 20:49:09.954553+00:00], Modified=[2019-01-16 20:49:09.954553+00:00]',1,'[{\"added\": {}}, {\"added\": {\"name\": \"answer\", \"object\": \"QuestionPqaID=[None], OptionPos=[0], Message=[Yes], Created=[2019-01-16 20:49:09.956543+00:00], Modified=[2019-01-16 20:49:09.957554+00:00]\"}}, {\"added\": {\"name\": \"answer\", \"object\": \"QuestionPqaID=[None], OptionPos=[1], Message=[Rather yes, than no], Created=[2019-01-16 20:49:09.959554+00:00], Modified=[2019-01-16 20:49:09.959554+00:00]\"}}, {\"added\": {\"name\": \"answer\", \"object\": \"QuestionPqaID=[None], OptionPos=[2], Message=[Hard to say], Created=[2019-01-16 20:49:09.961545+00:00], Modified=[2019-01-16 20:49:09.961545+00:00]\"}}, {\"added\": {\"name\": \"answer\", \"object\": \"QuestionPqaID=[None], OptionPos=[3], Message=[Rather no, than yes], Created=[2019-01-16 20:49:09.962545+00:00], Modified=[2019-01-16 20:49:09.962545+00:00]\"}}, {\"added\": {\"name\": \"answer\", \"object\": \"QuestionPqaID=[None], OptionPos=[4], Message=[No], Created=[2019-01-16 20:49:09.964555+00:00], Modified=[2019-01-16 20:49:09.964555+00:00]\"}}]',3,1),(5,'2019-01-16 20:52:37.020614','2','Title=[Angry Birds 2], Link=[https://en.wikipedia.org/wiki/Angry_Birds_2], ImageMD5=[1f54d1327989686cce12a362f62bfc5a], Created=[2019-01-16 20:52:37.014613+00:00], Modified=[2019-01-16 20:52:37.014613',1,'[{\"added\": {}}]',7,1),(6,'2019-01-16 20:53:17.159987','2','PqaID=[None], Message=[Is it a mobile game?], Created=[2019-01-16 20:53:17.148984+00:00], Modified=[2019-01-16 20:53:17.148984+00:00]',1,'[{\"added\": {}}, {\"added\": {\"name\": \"answer\", \"object\": \"QuestionPqaID=[None], OptionPos=[0], Message=[Yes], Created=[2019-01-16 20:53:17.150984+00:00], Modified=[2019-01-16 20:53:17.150984+00:00]\"}}, {\"added\": {\"name\": \"answer\", \"object\": \"QuestionPqaID=[None], OptionPos=[1], Message=[Rather yes, than no], Created=[2019-01-16 20:53:17.152985+00:00], Modified=[2019-01-16 20:53:17.152985+00:00]\"}}, {\"added\": {\"name\": \"answer\", \"object\": \"QuestionPqaID=[None], OptionPos=[2], Message=[Hard to say], Created=[2019-01-16 20:53:17.154985+00:00], Modified=[2019-01-16 20:53:17.154985+00:00]\"}}, {\"added\": {\"name\": \"answer\", \"object\": \"QuestionPqaID=[None], OptionPos=[3], Message=[Rather no, than yes], Created=[2019-01-16 20:53:17.156986+00:00], Modified=[2019-01-16 20:53:17.156986+00:00]\"}}, {\"added\": {\"name\": \"answer\", \"object\": \"QuestionPqaID=[None], OptionPos=[4], Message=[No], Created=[2019-01-16 20:53:17.158986+00:00], Modified=[2019-01-16 20:53:17.158986+00:00]\"}}]',3,1),(7,'2019-01-16 21:11:24.544823','3','Title=[Mass Effect: Andromeda], Link=[https://en.wikipedia.org/wiki/Mass_Effect:_Andromeda], ImageMD5=[dbeabb347d370730de735bb1ac42c26c], Created=[2019-01-16 21:11:24.532811+00:00], Modified=[2019-01-',1,'[{\"added\": {}}]',7,1),(8,'2019-01-18 13:24:59.080907','3','PqaID=[None], Message=[Is the scenario post-apocalyptic?], Created=[2019-01-18 13:24:59.069905+00:00], Modified=[2019-01-18 13:24:59.069905+00:00]',1,'[{\"added\": {}}, {\"added\": {\"name\": \"answer\", \"object\": \"QuestionPqaID=[None], OptionPos=[0], Message=[Yes], Created=[2019-01-18 13:24:59.072905+00:00], Modified=[2019-01-18 13:24:59.072905+00:00]\"}}, {\"added\": {\"name\": \"answer\", \"object\": \"QuestionPqaID=[None], OptionPos=[1], Message=[Rather yes, than no], Created=[2019-01-18 13:24:59.073897+00:00], Modified=[2019-01-18 13:24:59.073897+00:00]\"}}, {\"added\": {\"name\": \"answer\", \"object\": \"QuestionPqaID=[None], OptionPos=[2], Message=[Hard to say], Created=[2019-01-18 13:24:59.075906+00:00], Modified=[2019-01-18 13:24:59.075906+00:00]\"}}, {\"added\": {\"name\": \"answer\", \"object\": \"QuestionPqaID=[None], OptionPos=[3], Message=[Rather no, than yes], Created=[2019-01-18 13:24:59.076897+00:00], Modified=[2019-01-18 13:24:59.076897+00:00]\"}}, {\"added\": {\"name\": \"answer\", \"object\": \"QuestionPqaID=[None], OptionPos=[4], Message=[No], Created=[2019-01-18 13:24:59.078899+00:00], Modified=[2019-01-18 13:24:59.078899+00:00]\"}}]',3,1),(9,'2019-01-18 13:26:28.429312','4','PqaID=[None], Message=[Is the game about cosmos?], Created=[2019-01-18 13:26:28.418309+00:00], Modified=[2019-01-18 13:26:28.418309+00:00]',1,'[{\"added\": {}}, {\"added\": {\"name\": \"answer\", \"object\": \"QuestionPqaID=[None], OptionPos=[0], Message=[Yes], Created=[2019-01-18 13:26:28.420309+00:00], Modified=[2019-01-18 13:26:28.420309+00:00]\"}}, {\"added\": {\"name\": \"answer\", \"object\": \"QuestionPqaID=[None], OptionPos=[1], Message=[Rather yes, than no], Created=[2019-01-18 13:26:28.423310+00:00], Modified=[2019-01-18 13:26:28.423310+00:00]\"}}, {\"added\": {\"name\": \"answer\", \"object\": \"QuestionPqaID=[None], OptionPos=[2], Message=[Hard to say], Created=[2019-01-18 13:26:28.424310+00:00], Modified=[2019-01-18 13:26:28.424310+00:00]\"}}, {\"added\": {\"name\": \"answer\", \"object\": \"QuestionPqaID=[None], OptionPos=[3], Message=[Rather no, than yes], Created=[2019-01-18 13:26:28.426311+00:00], Modified=[2019-01-18 13:26:28.426311+00:00]\"}}, {\"added\": {\"name\": \"answer\", \"object\": \"QuestionPqaID=[None], OptionPos=[4], Message=[No], Created=[2019-01-18 13:26:28.427312+00:00], Modified=[2019-01-18 13:26:28.427312+00:00]\"}}]',3,1),(10,'2019-01-18 13:31:57.187164','4','Title=[Homeworld 1], Link=[https://en.wikipedia.org/wiki/Homeworld], ImageMD5=[6924307a1be9bc233126b6879810dee0], Created=[2019-01-18 13:31:57.183163+00:00], Modified=[2019-01-18 13:31:57.183163+00:00',1,'[{\"added\": {}}]',7,1),(11,'2019-01-18 13:55:03.647050','5','Title=[Master of Orion II: Battle at Antares], Link=[https://en.wikipedia.org/wiki/Master_of_Orion_II:_Battle_at_Antares], ImageMD5=[dd19c2706e6d53ccccd046147415518c], Created=[2019-01-18 13:55:03.643',1,'[{\"added\": {}}]',7,1),(12,'2019-01-18 13:56:53.193034','5','PqaID=[None], Message=[Is it a strategy game?], Created=[2019-01-18 13:56:53.182041+00:00], Modified=[2019-01-18 13:56:53.182041+00:00]',1,'[{\"added\": {}}, {\"added\": {\"name\": \"answer\", \"object\": \"QuestionPqaID=[None], OptionPos=[0], Message=[Yes], Created=[2019-01-18 13:56:53.185032+00:00], Modified=[2019-01-18 13:56:53.185032+00:00]\"}}, {\"added\": {\"name\": \"answer\", \"object\": \"QuestionPqaID=[None], OptionPos=[1], Message=[Rather yes, than no], Created=[2019-01-18 13:56:53.186033+00:00], Modified=[2019-01-18 13:56:53.187032+00:00]\"}}, {\"added\": {\"name\": \"answer\", \"object\": \"QuestionPqaID=[None], OptionPos=[2], Message=[Hard to say], Created=[2019-01-18 13:56:53.188033+00:00], Modified=[2019-01-18 13:56:53.188033+00:00]\"}}, {\"added\": {\"name\": \"answer\", \"object\": \"QuestionPqaID=[None], OptionPos=[3], Message=[Rather no, than yes], Created=[2019-01-18 13:56:53.189034+00:00], Modified=[2019-01-18 13:56:53.190033+00:00]\"}}, {\"added\": {\"name\": \"answer\", \"object\": \"QuestionPqaID=[None], OptionPos=[4], Message=[No], Created=[2019-01-18 13:56:53.191034+00:00], Modified=[2019-01-18 13:56:53.191034+00:00]\"}}]',3,1),(13,'2019-01-18 14:00:45.446794','6','PqaID=[None], Message=[Is the game based on historical events?], Created=[2019-01-18 14:00:45.436792+00:00], Modified=[2019-01-18 14:00:45.437792+00:00]',1,'[{\"added\": {}}, {\"added\": {\"name\": \"answer\", \"object\": \"QuestionPqaID=[None], OptionPos=[0], Message=[Yes], Created=[2019-01-18 14:00:45.439792+00:00], Modified=[2019-01-18 14:00:45.439792+00:00]\"}}, {\"added\": {\"name\": \"answer\", \"object\": \"QuestionPqaID=[None], OptionPos=[1], Message=[Rather yes, than no], Created=[2019-01-18 14:00:45.440792+00:00], Modified=[2019-01-18 14:00:45.440792+00:00]\"}}, {\"added\": {\"name\": \"answer\", \"object\": \"QuestionPqaID=[None], OptionPos=[2], Message=[Hard to say], Created=[2019-01-18 14:00:45.442793+00:00], Modified=[2019-01-18 14:00:45.442793+00:00]\"}}, {\"added\": {\"name\": \"answer\", \"object\": \"QuestionPqaID=[None], OptionPos=[3], Message=[Rather no, than yes], Created=[2019-01-18 14:00:45.443793+00:00], Modified=[2019-01-18 14:00:45.443793+00:00]\"}}, {\"added\": {\"name\": \"answer\", \"object\": \"QuestionPqaID=[None], OptionPos=[4], Message=[No], Created=[2019-01-18 14:00:45.445793+00:00], Modified=[2019-01-18 14:00:45.445793+00:00]\"}}]',3,1),(14,'2019-01-18 14:05:25.605408','6','Title=[World of Tanks], Link=[https://en.wikipedia.org/wiki/World_of_Tanks], ImageMD5=[06f0cd8efb790798ef187644637d0eb3], Created=[2019-01-18 14:05:25.601398+00:00], Modified=[2019-01-18 14:05:25.6013',1,'[{\"added\": {}}]',7,1),(15,'2019-01-18 14:44:13.313604','7','PqaID=[None], Message=[Is it a multi-player game?], Created=[2019-01-18 14:44:13.303609+00:00], Modified=[2019-01-18 14:44:13.303609+00:00]',1,'[{\"added\": {}}, {\"added\": {\"name\": \"answer\", \"object\": \"QuestionPqaID=[None], OptionPos=[0], Message=[Yes], Created=[2019-01-18 14:44:13.305602+00:00], Modified=[2019-01-18 14:44:13.305602+00:00]\"}}, {\"added\": {\"name\": \"answer\", \"object\": \"QuestionPqaID=[None], OptionPos=[1], Message=[Rather yes, than no], Created=[2019-01-18 14:44:13.307602+00:00], Modified=[2019-01-18 14:44:13.307602+00:00]\"}}, {\"added\": {\"name\": \"answer\", \"object\": \"QuestionPqaID=[None], OptionPos=[2], Message=[Hard to say], Created=[2019-01-18 14:44:13.308602+00:00], Modified=[2019-01-18 14:44:13.308602+00:00]\"}}, {\"added\": {\"name\": \"answer\", \"object\": \"QuestionPqaID=[None], OptionPos=[3], Message=[Rather no, than yes], Created=[2019-01-18 14:44:13.310611+00:00], Modified=[2019-01-18 14:44:13.310611+00:00]\"}}, {\"added\": {\"name\": \"answer\", \"object\": \"QuestionPqaID=[None], OptionPos=[4], Message=[No], Created=[2019-01-18 14:44:13.311603+00:00], Modified=[2019-01-18 14:44:13.311603+00:00]\"}}]',3,1),(16,'2019-01-18 14:47:25.859760','8','PqaID=[None], Message=[Is it a racing game?], Created=[2019-01-18 14:47:25.850757+00:00], Modified=[2019-01-18 14:47:25.850757+00:00]',1,'[{\"added\": {}}, {\"added\": {\"name\": \"answer\", \"object\": \"QuestionPqaID=[None], OptionPos=[0], Message=[Yes], Created=[2019-01-18 14:47:25.852748+00:00], Modified=[2019-01-18 14:47:25.852748+00:00]\"}}, {\"added\": {\"name\": \"answer\", \"object\": \"QuestionPqaID=[None], OptionPos=[1], Message=[Rather yes, than no], Created=[2019-01-18 14:47:25.853758+00:00], Modified=[2019-01-18 14:47:25.854758+00:00]\"}}, {\"added\": {\"name\": \"answer\", \"object\": \"QuestionPqaID=[None], OptionPos=[2], Message=[Hard to say], Created=[2019-01-18 14:47:25.855759+00:00], Modified=[2019-01-18 14:47:25.855759+00:00]\"}}, {\"added\": {\"name\": \"answer\", \"object\": \"QuestionPqaID=[None], OptionPos=[3], Message=[Rather no, than yes], Created=[2019-01-18 14:47:25.856759+00:00], Modified=[2019-01-18 14:47:25.857751+00:00]\"}}, {\"added\": {\"name\": \"answer\", \"object\": \"QuestionPqaID=[None], OptionPos=[4], Message=[No], Created=[2019-01-18 14:47:25.858759+00:00], Modified=[2019-01-18 14:47:25.858759+00:00]\"}}]',3,1),(17,'2019-01-18 14:50:10.550264','7','Title=[Hill Climb Racing 2], Link=[https://en.wikipedia.org/wiki/Hill_Climb_Racing_(video_game)#Sequel], ImageMD5=[7805f1f09c86e80bee2c50d3e7d2d481], Created=[2019-01-18 14:50:10.547263+00:00], Modifi',1,'[{\"added\": {}}]',7,1),(18,'2019-01-18 14:54:10.848469','8','Title=[Civilization VI], Link=[https://en.wikipedia.org/wiki/Civilization_VI], ImageMD5=[c279e08c2d3abd63fefa2a07bee0593e], Created=[2019-01-18 14:54:10.844468+00:00], Modified=[2019-01-18 14:54:10.84',1,'[{\"added\": {}}]',7,1),(19,'2019-01-18 15:01:02.137116','9','Title=[Grand Theft Auto V], Link=[https://en.wikipedia.org/wiki/Grand_Theft_Auto_V], ImageMD5=[cf4c97c5a359ed1ea7938281db2a4359], Created=[2019-01-18 15:01:02.130105+00:00], Modified=[2019-01-18 15:01',1,'[{\"added\": {}}]',7,1),(20,'2019-01-18 15:14:04.229487','9','PqaID=[None], Message=[Is the game based on mythology?], Created=[2019-01-18 15:14:04.125459+00:00], Modified=[2019-01-18 15:14:04.126459+00:00]',1,'[{\"added\": {}}, {\"added\": {\"name\": \"answer\", \"object\": \"QuestionPqaID=[None], OptionPos=[0], Message=[Yes], Created=[2019-01-18 15:14:04.128460+00:00], Modified=[2019-01-18 15:14:04.128460+00:00]\"}}, {\"added\": {\"name\": \"answer\", \"object\": \"QuestionPqaID=[None], OptionPos=[1], Message=[Rather yes, than no], Created=[2019-01-18 15:14:04.129460+00:00], Modified=[2019-01-18 15:14:04.130462+00:00]\"}}, {\"added\": {\"name\": \"answer\", \"object\": \"QuestionPqaID=[None], OptionPos=[2], Message=[Hard to say], Created=[2019-01-18 15:14:04.131461+00:00], Modified=[2019-01-18 15:14:04.131461+00:00]\"}}, {\"added\": {\"name\": \"answer\", \"object\": \"QuestionPqaID=[None], OptionPos=[3], Message=[Rather no, than yes], Created=[2019-01-18 15:14:04.133462+00:00], Modified=[2019-01-18 15:14:04.133462+00:00]\"}}, {\"added\": {\"name\": \"answer\", \"object\": \"QuestionPqaID=[None], OptionPos=[4], Message=[No], Created=[2019-01-18 15:14:04.215484+00:00], Modified=[2019-01-18 15:14:04.216484+00:00]\"}}]',3,1),(21,'2019-01-18 15:23:09.597784','10','Title=[God of War 2018], Link=[https://en.wikipedia.org/wiki/God_of_War_(2018_video_game)], ImageMD5=[94b8f4ec8ab21b7b20e9c4fffce167d0], Created=[2019-01-18 15:23:09.593773+00:00], Modified=[2019-01-1',1,'[{\"added\": {}}]',7,1),(22,'2019-01-18 15:25:17.353076','10','PqaID=[None], Message=[Is the game open-world?], Created=[2019-01-18 15:25:17.343073+00:00], Modified=[2019-01-18 15:25:17.343073+00:00]',1,'[{\"added\": {}}, {\"added\": {\"name\": \"answer\", \"object\": \"QuestionPqaID=[None], OptionPos=[0], Message=[Yes], Created=[2019-01-18 15:25:17.345065+00:00], Modified=[2019-01-18 15:25:17.346074+00:00]\"}}, {\"added\": {\"name\": \"answer\", \"object\": \"QuestionPqaID=[None], OptionPos=[1], Message=[Rather yes, than no], Created=[2019-01-18 15:25:17.347074+00:00], Modified=[2019-01-18 15:25:17.347074+00:00]\"}}, {\"added\": {\"name\": \"answer\", \"object\": \"QuestionPqaID=[None], OptionPos=[2], Message=[Hard to say], Created=[2019-01-18 15:25:17.348075+00:00], Modified=[2019-01-18 15:25:17.349066+00:00]\"}}, {\"added\": {\"name\": \"answer\", \"object\": \"QuestionPqaID=[None], OptionPos=[3], Message=[Rather no, than yes], Created=[2019-01-18 15:25:17.350075+00:00], Modified=[2019-01-18 15:25:17.350075+00:00]\"}}, {\"added\": {\"name\": \"answer\", \"object\": \"QuestionPqaID=[None], OptionPos=[4], Message=[No], Created=[2019-01-18 15:25:17.352076+00:00], Modified=[2019-01-18 15:25:17.352076+00:00]\"}}]',3,1),(23,'2019-01-18 15:34:39.701833','11','PqaID=[None], Message=[Is there a play companion in the game?], Created=[2019-01-18 15:34:39.691830+00:00], Modified=[2019-01-18 15:34:39.691830+00:00]',1,'[{\"added\": {}}, {\"added\": {\"name\": \"answer\", \"object\": \"QuestionPqaID=[None], OptionPos=[0], Message=[Yes], Created=[2019-01-18 15:34:39.694822+00:00], Modified=[2019-01-18 15:34:39.694822+00:00]\"}}, {\"added\": {\"name\": \"answer\", \"object\": \"QuestionPqaID=[None], OptionPos=[1], Message=[Rather yes, than no], Created=[2019-01-18 15:34:39.695831+00:00], Modified=[2019-01-18 15:34:39.695831+00:00]\"}}, {\"added\": {\"name\": \"answer\", \"object\": \"QuestionPqaID=[None], OptionPos=[2], Message=[Hard to say], Created=[2019-01-18 15:34:39.697832+00:00], Modified=[2019-01-18 15:34:39.697832+00:00]\"}}, {\"added\": {\"name\": \"answer\", \"object\": \"QuestionPqaID=[None], OptionPos=[3], Message=[Rather no, than yes], Created=[2019-01-18 15:34:39.698824+00:00], Modified=[2019-01-18 15:34:39.698824+00:00]\"}}, {\"added\": {\"name\": \"answer\", \"object\": \"QuestionPqaID=[None], OptionPos=[4], Message=[No], Created=[2019-01-18 15:34:39.700833+00:00], Modified=[2019-01-18 15:34:39.700833+00:00]\"}}]',3,1),(24,'2019-01-18 15:41:53.228974','12','PqaID=[None], Message=[Does the game allow to craft resources?], Created=[2019-01-18 15:41:53.217971+00:00], Modified=[2019-01-18 15:41:53.217971+00:00]',1,'[{\"added\": {}}, {\"added\": {\"name\": \"answer\", \"object\": \"QuestionPqaID=[None], OptionPos=[0], Message=[Yes], Created=[2019-01-18 15:41:53.219972+00:00], Modified=[2019-01-18 15:41:53.219972+00:00]\"}}, {\"added\": {\"name\": \"answer\", \"object\": \"QuestionPqaID=[None], OptionPos=[1], Message=[Rather yes, than no], Created=[2019-01-18 15:41:53.221972+00:00], Modified=[2019-01-18 15:41:53.221972+00:00]\"}}, {\"added\": {\"name\": \"answer\", \"object\": \"QuestionPqaID=[None], OptionPos=[2], Message=[Hard to say], Created=[2019-01-18 15:41:53.223972+00:00], Modified=[2019-01-18 15:41:53.223972+00:00]\"}}, {\"added\": {\"name\": \"answer\", \"object\": \"QuestionPqaID=[None], OptionPos=[3], Message=[Rather no, than yes], Created=[2019-01-18 15:41:53.224973+00:00], Modified=[2019-01-18 15:41:53.224973+00:00]\"}}, {\"added\": {\"name\": \"answer\", \"object\": \"QuestionPqaID=[None], OptionPos=[4], Message=[No], Created=[2019-01-18 15:41:53.226974+00:00], Modified=[2019-01-18 15:41:53.226974+00:00]\"}}]',3,1),(25,'2019-01-18 15:42:50.454973','13','PqaID=[None], Message=[Is there currency in the game?], Created=[2019-01-18 15:42:50.443970+00:00], Modified=[2019-01-18 15:42:50.443970+00:00]',1,'[{\"added\": {}}, {\"added\": {\"name\": \"answer\", \"object\": \"QuestionPqaID=[None], OptionPos=[0], Message=[Yes], Created=[2019-01-18 15:42:50.445971+00:00], Modified=[2019-01-18 15:42:50.445971+00:00]\"}}, {\"added\": {\"name\": \"answer\", \"object\": \"QuestionPqaID=[None], OptionPos=[1], Message=[Rather yes, than no], Created=[2019-01-18 15:42:50.447971+00:00], Modified=[2019-01-18 15:42:50.447971+00:00]\"}}, {\"added\": {\"name\": \"answer\", \"object\": \"QuestionPqaID=[None], OptionPos=[2], Message=[Hard to say], Created=[2019-01-18 15:42:50.449971+00:00], Modified=[2019-01-18 15:42:50.449971+00:00]\"}}, {\"added\": {\"name\": \"answer\", \"object\": \"QuestionPqaID=[None], OptionPos=[3], Message=[Rather no, than yes], Created=[2019-01-18 15:42:50.451973+00:00], Modified=[2019-01-18 15:42:50.451973+00:00]\"}}, {\"added\": {\"name\": \"answer\", \"object\": \"QuestionPqaID=[None], OptionPos=[4], Message=[No], Created=[2019-01-18 15:42:50.453972+00:00], Modified=[2019-01-18 15:42:50.453972+00:00]\"}}]',3,1),(26,'2019-01-18 15:44:31.028352','14','PqaID=[None], Message=[Are there experience points in the game?], Created=[2019-01-18 15:44:31.018349+00:00], Modified=[2019-01-18 15:44:31.018349+00:00]',1,'[{\"added\": {}}, {\"added\": {\"name\": \"answer\", \"object\": \"QuestionPqaID=[None], OptionPos=[0], Message=[Yes], Created=[2019-01-18 15:44:31.020350+00:00], Modified=[2019-01-18 15:44:31.020350+00:00]\"}}, {\"added\": {\"name\": \"answer\", \"object\": \"QuestionPqaID=[None], OptionPos=[1], Message=[Rather yes, than no], Created=[2019-01-18 15:44:31.022350+00:00], Modified=[2019-01-18 15:44:31.022350+00:00]\"}}, {\"added\": {\"name\": \"answer\", \"object\": \"QuestionPqaID=[None], OptionPos=[2], Message=[Hard to say], Created=[2019-01-18 15:44:31.023351+00:00], Modified=[2019-01-18 15:44:31.023351+00:00]\"}}, {\"added\": {\"name\": \"answer\", \"object\": \"QuestionPqaID=[None], OptionPos=[3], Message=[Rather no, than yes], Created=[2019-01-18 15:44:31.025352+00:00], Modified=[2019-01-18 15:44:31.025352+00:00]\"}}, {\"added\": {\"name\": \"answer\", \"object\": \"QuestionPqaID=[None], OptionPos=[4], Message=[No], Created=[2019-01-18 15:44:31.026352+00:00], Modified=[2019-01-18 15:44:31.026352+00:00]\"}}]',3,1),(27,'2019-01-18 16:29:11.589405','11','Title=[Red Dead Redemption 2], Link=[https://en.wikipedia.org/wiki/Red_Dead_Redemption_2], ImageMD5=[74052bb17770ea056596153ca58cff14], Created=[2019-01-18 16:29:11.584403+00:00], Modified=[2019-01-18',1,'[{\"added\": {}}]',7,1),(28,'2019-01-18 16:37:14.049360','15','PqaID=[None], Message=[Is the character an outlaw?], Created=[2019-01-18 16:37:14.039366+00:00], Modified=[2019-01-18 16:37:14.039366+00:00]',1,'[{\"added\": {}}, {\"added\": {\"name\": \"answer\", \"object\": \"QuestionPqaID=[None], OptionPos=[0], Message=[Yes], Created=[2019-01-18 16:37:14.041357+00:00], Modified=[2019-01-18 16:37:14.041357+00:00]\"}}, {\"added\": {\"name\": \"answer\", \"object\": \"QuestionPqaID=[None], OptionPos=[1], Message=[Rather yes, than no], Created=[2019-01-18 16:37:14.043358+00:00], Modified=[2019-01-18 16:37:14.043358+00:00]\"}}, {\"added\": {\"name\": \"answer\", \"object\": \"QuestionPqaID=[None], OptionPos=[2], Message=[Hard to say], Created=[2019-01-18 16:37:14.044359+00:00], Modified=[2019-01-18 16:37:14.045358+00:00]\"}}, {\"added\": {\"name\": \"answer\", \"object\": \"QuestionPqaID=[None], OptionPos=[3], Message=[Rather no, than yes], Created=[2019-01-18 16:37:14.046358+00:00], Modified=[2019-01-18 16:37:14.046358+00:00]\"}}, {\"added\": {\"name\": \"answer\", \"object\": \"QuestionPqaID=[None], OptionPos=[4], Message=[No], Created=[2019-01-18 16:37:14.048359+00:00], Modified=[2019-01-18 16:37:14.048359+00:00]\"}}]',3,1),(29,'2019-01-18 16:38:06.010014','16','PqaID=[None], Message=[Does the game allow trading?], Created=[2019-01-18 16:38:06.000010+00:00], Modified=[2019-01-18 16:38:06.000010+00:00]',1,'[{\"added\": {}}, {\"added\": {\"name\": \"answer\", \"object\": \"QuestionPqaID=[None], OptionPos=[0], Message=[Yes], Created=[2019-01-18 16:38:06.002011+00:00], Modified=[2019-01-18 16:38:06.002011+00:00]\"}}, {\"added\": {\"name\": \"answer\", \"object\": \"QuestionPqaID=[None], OptionPos=[1], Message=[Rather yes, than no], Created=[2019-01-18 16:38:06.003011+00:00], Modified=[2019-01-18 16:38:06.004012+00:00]\"}}, {\"added\": {\"name\": \"answer\", \"object\": \"QuestionPqaID=[None], OptionPos=[2], Message=[Hard to say], Created=[2019-01-18 16:38:06.005012+00:00], Modified=[2019-01-18 16:38:06.005012+00:00]\"}}, {\"added\": {\"name\": \"answer\", \"object\": \"QuestionPqaID=[None], OptionPos=[3], Message=[Rather no, than yes], Created=[2019-01-18 16:38:06.007012+00:00], Modified=[2019-01-18 16:38:06.007012+00:00]\"}}, {\"added\": {\"name\": \"answer\", \"object\": \"QuestionPqaID=[None], OptionPos=[4], Message=[No], Created=[2019-01-18 16:38:06.008004+00:00], Modified=[2019-01-18 16:38:06.008004+00:00]\"}}]',3,1),(30,'2019-01-18 16:45:29.341648','17','PqaID=[None], Message=[Does the game allow to slow down time in combat?], Created=[2019-01-18 16:45:29.331646+00:00], Modified=[2019-01-18 16:45:29.331646+00:00]',1,'[{\"added\": {}}, {\"added\": {\"name\": \"answer\", \"object\": \"QuestionPqaID=[None], OptionPos=[0], Message=[Yes], Created=[2019-01-18 16:45:29.333646+00:00], Modified=[2019-01-18 16:45:29.333646+00:00]\"}}, {\"added\": {\"name\": \"answer\", \"object\": \"QuestionPqaID=[None], OptionPos=[1], Message=[Rather yes, than no], Created=[2019-01-18 16:45:29.335647+00:00], Modified=[2019-01-18 16:45:29.335647+00:00]\"}}, {\"added\": {\"name\": \"answer\", \"object\": \"QuestionPqaID=[None], OptionPos=[2], Message=[Hard to say], Created=[2019-01-18 16:45:29.336647+00:00], Modified=[2019-01-18 16:45:29.336647+00:00]\"}}, {\"added\": {\"name\": \"answer\", \"object\": \"QuestionPqaID=[None], OptionPos=[3], Message=[Rather no, than yes], Created=[2019-01-18 16:45:29.338647+00:00], Modified=[2019-01-18 16:45:29.338647+00:00]\"}}, {\"added\": {\"name\": \"answer\", \"object\": \"QuestionPqaID=[None], OptionPos=[4], Message=[No], Created=[2019-01-18 16:45:29.339648+00:00], Modified=[2019-01-18 16:45:29.340648+00:00]\"}}]',3,1),(31,'2019-01-18 17:19:38.876377','12','Title=[Monster Hunter: World], Link=[https://en.wikipedia.org/wiki/Monster_Hunter:_World], ImageMD5=[25d723870f055b4e5732f067881ac6b9], Created=[2019-01-18 17:19:38.870375+00:00], Modified=[2019-01-18',1,'[{\"added\": {}}]',7,1),(32,'2019-01-18 17:25:29.297509','18','PqaID=[None], Message=[Is the game played in first-person perspective?], Created=[2019-01-18 17:25:29.286508+00:00], Modified=[2019-01-18 17:25:29.286508+00:00]',1,'[{\"added\": {}}, {\"added\": {\"name\": \"answer\", \"object\": \"QuestionPqaID=[None], OptionPos=[0], Message=[Yes], Created=[2019-01-18 17:25:29.288508+00:00], Modified=[2019-01-18 17:25:29.288508+00:00]\"}}, {\"added\": {\"name\": \"answer\", \"object\": \"QuestionPqaID=[None], OptionPos=[1], Message=[Rather yes, than no], Created=[2019-01-18 17:25:29.290508+00:00], Modified=[2019-01-18 17:25:29.290508+00:00]\"}}, {\"added\": {\"name\": \"answer\", \"object\": \"QuestionPqaID=[None], OptionPos=[2], Message=[Hard to say], Created=[2019-01-18 17:25:29.292508+00:00], Modified=[2019-01-18 17:25:29.292508+00:00]\"}}, {\"added\": {\"name\": \"answer\", \"object\": \"QuestionPqaID=[None], OptionPos=[3], Message=[Rather no, than yes], Created=[2019-01-18 17:25:29.293508+00:00], Modified=[2019-01-18 17:25:29.293508+00:00]\"}}, {\"added\": {\"name\": \"answer\", \"object\": \"QuestionPqaID=[None], OptionPos=[4], Message=[No], Created=[2019-01-18 17:25:29.295509+00:00], Modified=[2019-01-18 17:25:29.295509+00:00]\"}}]',3,1),(33,'2019-01-18 17:32:02.553909','19','PqaID=[None], Message=[Is it a quest game?], Created=[2019-01-18 17:32:02.543906+00:00], Modified=[2019-01-18 17:32:02.543906+00:00]',1,'[{\"added\": {}}, {\"added\": {\"name\": \"answer\", \"object\": \"QuestionPqaID=[None], OptionPos=[0], Message=[Yes], Created=[2019-01-18 17:32:02.545907+00:00], Modified=[2019-01-18 17:32:02.545907+00:00]\"}}, {\"added\": {\"name\": \"answer\", \"object\": \"QuestionPqaID=[None], OptionPos=[1], Message=[Rather yes, than no], Created=[2019-01-18 17:32:02.547907+00:00], Modified=[2019-01-18 17:32:02.547907+00:00]\"}}, {\"added\": {\"name\": \"answer\", \"object\": \"QuestionPqaID=[None], OptionPos=[2], Message=[Hard to say], Created=[2019-01-18 17:32:02.548908+00:00], Modified=[2019-01-18 17:32:02.548908+00:00]\"}}, {\"added\": {\"name\": \"answer\", \"object\": \"QuestionPqaID=[None], OptionPos=[3], Message=[Rather no, than yes], Created=[2019-01-18 17:32:02.550908+00:00], Modified=[2019-01-18 17:32:02.550908+00:00]\"}}, {\"added\": {\"name\": \"answer\", \"object\": \"QuestionPqaID=[None], OptionPos=[4], Message=[No], Created=[2019-01-18 17:32:02.551908+00:00], Modified=[2019-01-18 17:32:02.551908+00:00]\"}}]',3,1),(34,'2019-01-18 17:32:39.835089','20','PqaID=[None], Message=[Is it a combat game?], Created=[2019-01-18 17:32:39.825086+00:00], Modified=[2019-01-18 17:32:39.825086+00:00]',1,'[{\"added\": {}}, {\"added\": {\"name\": \"answer\", \"object\": \"QuestionPqaID=[None], OptionPos=[0], Message=[Yes], Created=[2019-01-18 17:32:39.827087+00:00], Modified=[2019-01-18 17:32:39.827087+00:00]\"}}, {\"added\": {\"name\": \"answer\", \"object\": \"QuestionPqaID=[None], OptionPos=[1], Message=[Rather yes, than no], Created=[2019-01-18 17:32:39.829088+00:00], Modified=[2019-01-18 17:32:39.829088+00:00]\"}}, {\"added\": {\"name\": \"answer\", \"object\": \"QuestionPqaID=[None], OptionPos=[2], Message=[Hard to say], Created=[2019-01-18 17:32:39.830088+00:00], Modified=[2019-01-18 17:32:39.830088+00:00]\"}}, {\"added\": {\"name\": \"answer\", \"object\": \"QuestionPqaID=[None], OptionPos=[3], Message=[Rather no, than yes], Created=[2019-01-18 17:32:39.832088+00:00], Modified=[2019-01-18 17:32:39.832088+00:00]\"}}, {\"added\": {\"name\": \"answer\", \"object\": \"QuestionPqaID=[None], OptionPos=[4], Message=[No], Created=[2019-01-18 17:32:39.833088+00:00], Modified=[2019-01-18 17:32:39.833088+00:00]\"}}]',3,1),(35,'2019-01-18 17:37:51.433556','21','PqaID=[None], Message=[Does the game include a dynamic weather system?], Created=[2019-01-18 17:37:51.422553+00:00], Modified=[2019-01-18 17:37:51.422553+00:00]',1,'[{\"added\": {}}, {\"added\": {\"name\": \"answer\", \"object\": \"QuestionPqaID=[None], OptionPos=[0], Message=[Yes], Created=[2019-01-18 17:37:51.424554+00:00], Modified=[2019-01-18 17:37:51.424554+00:00]\"}}, {\"added\": {\"name\": \"answer\", \"object\": \"QuestionPqaID=[None], OptionPos=[1], Message=[Rather yes, than no], Created=[2019-01-18 17:37:51.426554+00:00], Modified=[2019-01-18 17:37:51.426554+00:00]\"}}, {\"added\": {\"name\": \"answer\", \"object\": \"QuestionPqaID=[None], OptionPos=[2], Message=[Hard to say], Created=[2019-01-18 17:37:51.428564+00:00], Modified=[2019-01-18 17:37:51.428564+00:00]\"}}, {\"added\": {\"name\": \"answer\", \"object\": \"QuestionPqaID=[None], OptionPos=[3], Message=[Rather no, than yes], Created=[2019-01-18 17:37:51.429555+00:00], Modified=[2019-01-18 17:37:51.430555+00:00]\"}}, {\"added\": {\"name\": \"answer\", \"object\": \"QuestionPqaID=[None], OptionPos=[4], Message=[No], Created=[2019-01-18 17:37:51.431555+00:00], Modified=[2019-01-18 17:37:51.431555+00:00]\"}}]',3,1),(36,'2019-01-18 17:38:22.448128','22','PqaID=[None], Message=[Does the game include a day-night cycle?], Created=[2019-01-18 17:38:22.437125+00:00], Modified=[2019-01-18 17:38:22.437125+00:00]',1,'[{\"added\": {}}, {\"added\": {\"name\": \"answer\", \"object\": \"QuestionPqaID=[None], OptionPos=[0], Message=[Yes], Created=[2019-01-18 17:38:22.440126+00:00], Modified=[2019-01-18 17:38:22.440126+00:00]\"}}, {\"added\": {\"name\": \"answer\", \"object\": \"QuestionPqaID=[None], OptionPos=[1], Message=[Rather yes, than no], Created=[2019-01-18 17:38:22.441127+00:00], Modified=[2019-01-18 17:38:22.441127+00:00]\"}}, {\"added\": {\"name\": \"answer\", \"object\": \"QuestionPqaID=[None], OptionPos=[2], Message=[Hard to say], Created=[2019-01-18 17:38:22.443126+00:00], Modified=[2019-01-18 17:38:22.443126+00:00]\"}}, {\"added\": {\"name\": \"answer\", \"object\": \"QuestionPqaID=[None], OptionPos=[3], Message=[Rather no, than yes], Created=[2019-01-18 17:38:22.445127+00:00], Modified=[2019-01-18 17:38:22.445127+00:00]\"}}, {\"added\": {\"name\": \"answer\", \"object\": \"QuestionPqaID=[None], OptionPos=[4], Message=[No], Created=[2019-01-18 17:38:22.446127+00:00], Modified=[2019-01-18 17:38:22.447128+00:00]\"}}]',3,1),(37,'2019-01-18 17:44:42.038655','23','PqaID=[None], Message=[Are there dialogs with non-player characters in the game?], Created=[2019-01-18 17:44:42.027652+00:00], Modified=[2019-01-18 17:44:42.028653+00:00]',1,'[{\"added\": {}}, {\"added\": {\"name\": \"answer\", \"object\": \"QuestionPqaID=[None], OptionPos=[0], Message=[Yes], Created=[2019-01-18 17:44:42.030654+00:00], Modified=[2019-01-18 17:44:42.030654+00:00]\"}}, {\"added\": {\"name\": \"answer\", \"object\": \"QuestionPqaID=[None], OptionPos=[1], Message=[Rather yes, than no], Created=[2019-01-18 17:44:42.032654+00:00], Modified=[2019-01-18 17:44:42.032654+00:00]\"}}, {\"added\": {\"name\": \"answer\", \"object\": \"QuestionPqaID=[None], OptionPos=[2], Message=[Hard to say], Created=[2019-01-18 17:44:42.033654+00:00], Modified=[2019-01-18 17:44:42.033654+00:00]\"}}, {\"added\": {\"name\": \"answer\", \"object\": \"QuestionPqaID=[None], OptionPos=[3], Message=[Rather no, than yes], Created=[2019-01-18 17:44:42.035655+00:00], Modified=[2019-01-18 17:44:42.035655+00:00]\"}}, {\"added\": {\"name\": \"answer\", \"object\": \"QuestionPqaID=[None], OptionPos=[4], Message=[No], Created=[2019-01-18 17:44:42.036655+00:00], Modified=[2019-01-18 17:44:42.036655+00:00]\"}}]',3,1),(38,'2019-01-18 18:05:40.513379','24','PqaID=[None], Message=[Is it a fantasy game?], Created=[2019-01-18 18:05:40.503377+00:00], Modified=[2019-01-18 18:05:40.503377+00:00]',1,'[{\"added\": {}}, {\"added\": {\"name\": \"answer\", \"object\": \"QuestionPqaID=[None], OptionPos=[0], Message=[Yes], Created=[2019-01-18 18:05:40.505377+00:00], Modified=[2019-01-18 18:05:40.505377+00:00]\"}}, {\"added\": {\"name\": \"answer\", \"object\": \"QuestionPqaID=[None], OptionPos=[1], Message=[Rather yes, than no], Created=[2019-01-18 18:05:40.507378+00:00], Modified=[2019-01-18 18:05:40.507378+00:00]\"}}, {\"added\": {\"name\": \"answer\", \"object\": \"QuestionPqaID=[None], OptionPos=[2], Message=[Hard to say], Created=[2019-01-18 18:05:40.508378+00:00], Modified=[2019-01-18 18:05:40.508378+00:00]\"}}, {\"added\": {\"name\": \"answer\", \"object\": \"QuestionPqaID=[None], OptionPos=[3], Message=[Rather no, than yes], Created=[2019-01-18 18:05:40.510378+00:00], Modified=[2019-01-18 18:05:40.510378+00:00]\"}}, {\"added\": {\"name\": \"answer\", \"object\": \"QuestionPqaID=[None], OptionPos=[4], Message=[No], Created=[2019-01-18 18:05:40.511379+00:00], Modified=[2019-01-18 18:05:40.512378+00:00]\"}}]',3,1),(39,'2019-01-18 18:38:11.286886','13','Title=[Heroes of Might and Magic III: The Restoration of Erathia], Link=[https://en.wikipedia.org/wiki/Heroes_of_Might_and_Magic_III], ImageMD5=[c4aef6b2d6640a22055a081287a55dd5], Created=[2019-01-18 ',1,'[{\"added\": {}}]',7,1),(40,'2019-01-18 18:42:34.450648','14','Title=[Diablo 1], Link=[https://en.wikipedia.org/wiki/Diablo_(video_game)], ImageMD5=[7e4996d46224cb7a4779df2a227cbdb1], Created=[2019-01-18 18:42:34.437646+00:00], Modified=[2019-01-18 18:42:34.43764',1,'[{\"added\": {}}]',7,1),(41,'2019-01-18 18:46:01.052059','25','PqaID=[None], Message=[Does the game allow building structures?], Created=[2019-01-18 18:46:01.023052+00:00], Modified=[2019-01-18 18:46:01.023052+00:00]',1,'[{\"added\": {}}, {\"added\": {\"name\": \"answer\", \"object\": \"QuestionPqaID=[None], OptionPos=[0], Message=[Yes], Created=[2019-01-18 18:46:01.029054+00:00], Modified=[2019-01-18 18:46:01.029054+00:00]\"}}, {\"added\": {\"name\": \"answer\", \"object\": \"QuestionPqaID=[None], OptionPos=[1], Message=[Rather yes, than no], Created=[2019-01-18 18:46:01.034055+00:00], Modified=[2019-01-18 18:46:01.034055+00:00]\"}}, {\"added\": {\"name\": \"answer\", \"object\": \"QuestionPqaID=[None], OptionPos=[2], Message=[Hard to say], Created=[2019-01-18 18:46:01.038056+00:00], Modified=[2019-01-18 18:46:01.039056+00:00]\"}}, {\"added\": {\"name\": \"answer\", \"object\": \"QuestionPqaID=[None], OptionPos=[3], Message=[Rather no, than yes], Created=[2019-01-18 18:46:01.043057+00:00], Modified=[2019-01-18 18:46:01.043057+00:00]\"}}, {\"added\": {\"name\": \"answer\", \"object\": \"QuestionPqaID=[None], OptionPos=[4], Message=[No], Created=[2019-01-18 18:46:01.048058+00:00], Modified=[2019-01-18 18:46:01.048058+00:00]\"}}]',3,1),(42,'2019-01-18 18:59:31.883663','15','Title=[Super Smash Bros. Ultimate], Link=[https://en.wikipedia.org/wiki/Super_Smash_Bros._Ultimate], ImageMD5=[99c8ed040c584f248efce99df0dc8f85], Created=[2019-01-18 18:59:31.870651+00:00], Modified=[',1,'[{\"added\": {}}]',7,1),(43,'2019-01-18 19:49:19.869546','26','PqaID=[None], Message=[Is it an arena fighting game?], Created=[2019-01-18 19:49:19.840548+00:00], Modified=[2019-01-18 19:49:19.840548+00:00]',1,'[{\"added\": {}}, {\"added\": {\"name\": \"answer\", \"object\": \"QuestionPqaID=[None], OptionPos=[0], Message=[Yes], Created=[2019-01-18 19:49:19.847549+00:00], Modified=[2019-01-18 19:49:19.847549+00:00]\"}}, {\"added\": {\"name\": \"answer\", \"object\": \"QuestionPqaID=[None], OptionPos=[1], Message=[Rather yes, than no], Created=[2019-01-18 19:49:19.851551+00:00], Modified=[2019-01-18 19:49:19.852551+00:00]\"}}, {\"added\": {\"name\": \"answer\", \"object\": \"QuestionPqaID=[None], OptionPos=[2], Message=[Hard to say], Created=[2019-01-18 19:49:19.856543+00:00], Modified=[2019-01-18 19:49:19.856543+00:00]\"}}, {\"added\": {\"name\": \"answer\", \"object\": \"QuestionPqaID=[None], OptionPos=[3], Message=[Rather no, than yes], Created=[2019-01-18 19:49:19.861544+00:00], Modified=[2019-01-18 19:49:19.861544+00:00]\"}}, {\"added\": {\"name\": \"answer\", \"object\": \"QuestionPqaID=[None], OptionPos=[4], Message=[No], Created=[2019-01-18 19:49:19.866545+00:00], Modified=[2019-01-18 19:49:19.866545+00:00]\"}}]',3,1),(44,'2019-01-18 20:05:42.922898','16','Title=[Celeste], Link=[https://en.wikipedia.org/wiki/Celeste_(video_game)], ImageMD5=[0e61b95708e4c6d78570a6360a0d6073], Created=[2019-01-18 20:05:42.913886+00:00], Modified=[2019-01-18 20:05:42.91388',1,'[{\"added\": {}}]',7,1),(45,'2019-01-18 20:28:21.821730','27','PqaID=[None], Message=[Is it a platformer game?], Created=[2019-01-18 20:28:21.811727+00:00], Modified=[2019-01-18 20:28:21.811727+00:00]',1,'[{\"added\": {}}, {\"added\": {\"name\": \"answer\", \"object\": \"QuestionPqaID=[None], OptionPos=[0], Message=[Yes], Created=[2019-01-18 20:28:21.813728+00:00], Modified=[2019-01-18 20:28:21.813728+00:00]\"}}, {\"added\": {\"name\": \"answer\", \"object\": \"QuestionPqaID=[None], OptionPos=[1], Message=[Rather yes, than no], Created=[2019-01-18 20:28:21.815728+00:00], Modified=[2019-01-18 20:28:21.815728+00:00]\"}}, {\"added\": {\"name\": \"answer\", \"object\": \"QuestionPqaID=[None], OptionPos=[2], Message=[Hard to say], Created=[2019-01-18 20:28:21.817729+00:00], Modified=[2019-01-18 20:28:21.817729+00:00]\"}}, {\"added\": {\"name\": \"answer\", \"object\": \"QuestionPqaID=[None], OptionPos=[3], Message=[Rather no, than yes], Created=[2019-01-18 20:28:21.818729+00:00], Modified=[2019-01-18 20:28:21.818729+00:00]\"}}, {\"added\": {\"name\": \"answer\", \"object\": \"QuestionPqaID=[None], OptionPos=[4], Message=[No], Created=[2019-01-18 20:28:21.820729+00:00], Modified=[2019-01-18 20:28:21.820729+00:00]\"}}]',3,1),(46,'2019-01-18 20:38:43.101026','17','Title=[Spider-Man 2018], Link=[https://en.wikipedia.org/wiki/Spider-Man_(2018_video_game)], ImageMD5=[309b41729ca7287e7771632d1540c941], Created=[2019-01-18 20:38:43.097025+00:00], Modified=[2019-01-1',1,'[{\"added\": {}}]',7,1),(47,'2019-01-18 20:41:54.930940','28','PqaID=[None], Message=[Does the game feature a fast-travel system?], Created=[2019-01-18 20:41:54.920946+00:00], Modified=[2019-01-18 20:41:54.921946+00:00]',1,'[{\"added\": {}}, {\"added\": {\"name\": \"answer\", \"object\": \"QuestionPqaID=[None], OptionPos=[0], Message=[Yes], Created=[2019-01-18 20:41:54.922937+00:00], Modified=[2019-01-18 20:41:54.923947+00:00]\"}}, {\"added\": {\"name\": \"answer\", \"object\": \"QuestionPqaID=[None], OptionPos=[1], Message=[Rather yes, than no], Created=[2019-01-18 20:41:54.924938+00:00], Modified=[2019-01-18 20:41:54.924938+00:00]\"}}, {\"added\": {\"name\": \"answer\", \"object\": \"QuestionPqaID=[None], OptionPos=[2], Message=[Hard to say], Created=[2019-01-18 20:41:54.925938+00:00], Modified=[2019-01-18 20:41:54.925938+00:00]\"}}, {\"added\": {\"name\": \"answer\", \"object\": \"QuestionPqaID=[None], OptionPos=[3], Message=[Rather no, than yes], Created=[2019-01-18 20:41:54.927939+00:00], Modified=[2019-01-18 20:41:54.927939+00:00]\"}}, {\"added\": {\"name\": \"answer\", \"object\": \"QuestionPqaID=[None], OptionPos=[4], Message=[No], Created=[2019-01-18 20:41:54.928939+00:00], Modified=[2019-01-18 20:41:54.929939+00:00]\"}}]',3,1),(48,'2019-01-18 20:48:21.523410','29','PqaID=[None], Message=[Is research available in the game?], Created=[2019-01-18 20:48:21.512407+00:00], Modified=[2019-01-18 20:48:21.512407+00:00]',1,'[{\"added\": {}}, {\"added\": {\"name\": \"answer\", \"object\": \"QuestionPqaID=[None], OptionPos=[0], Message=[Yes], Created=[2019-01-18 20:48:21.514408+00:00], Modified=[2019-01-18 20:48:21.514408+00:00]\"}}, {\"added\": {\"name\": \"answer\", \"object\": \"QuestionPqaID=[None], OptionPos=[1], Message=[Rather yes, than no], Created=[2019-01-18 20:48:21.516408+00:00], Modified=[2019-01-18 20:48:21.516408+00:00]\"}}, {\"added\": {\"name\": \"answer\", \"object\": \"QuestionPqaID=[None], OptionPos=[2], Message=[Hard to say], Created=[2019-01-18 20:48:21.517408+00:00], Modified=[2019-01-18 20:48:21.517408+00:00]\"}}, {\"added\": {\"name\": \"answer\", \"object\": \"QuestionPqaID=[None], OptionPos=[3], Message=[Rather no, than yes], Created=[2019-01-18 20:48:21.519408+00:00], Modified=[2019-01-18 20:48:21.519408+00:00]\"}}, {\"added\": {\"name\": \"answer\", \"object\": \"QuestionPqaID=[None], OptionPos=[4], Message=[No], Created=[2019-01-18 20:48:21.521409+00:00], Modified=[2019-01-18 20:48:21.521409+00:00]\"}}]',3,1),(49,'2019-01-18 20:49:12.456319','30','PqaID=[None], Message=[Is the character a superhero?], Created=[2019-01-18 20:49:12.446317+00:00], Modified=[2019-01-18 20:49:12.446317+00:00]',1,'[{\"added\": {}}, {\"added\": {\"name\": \"answer\", \"object\": \"QuestionPqaID=[None], OptionPos=[0], Message=[Yes], Created=[2019-01-18 20:49:12.448318+00:00], Modified=[2019-01-18 20:49:12.448318+00:00]\"}}, {\"added\": {\"name\": \"answer\", \"object\": \"QuestionPqaID=[None], OptionPos=[1], Message=[Rather yes, than no], Created=[2019-01-18 20:49:12.450318+00:00], Modified=[2019-01-18 20:49:12.450318+00:00]\"}}, {\"added\": {\"name\": \"answer\", \"object\": \"QuestionPqaID=[None], OptionPos=[2], Message=[Hard to say], Created=[2019-01-18 20:49:12.451318+00:00], Modified=[2019-01-18 20:49:12.451318+00:00]\"}}, {\"added\": {\"name\": \"answer\", \"object\": \"QuestionPqaID=[None], OptionPos=[3], Message=[Rather no, than yes], Created=[2019-01-18 20:49:12.453319+00:00], Modified=[2019-01-18 20:49:12.453319+00:00]\"}}, {\"added\": {\"name\": \"answer\", \"object\": \"QuestionPqaID=[None], OptionPos=[4], Message=[No], Created=[2019-01-18 20:49:12.455320+00:00], Modified=[2019-01-18 20:49:12.455320+00:00]\"}}]',3,1),(50,'2019-01-18 20:51:39.396920','31','PqaID=[None], Message=[Does the game contain mini-games, e.g. puzzles?], Created=[2019-01-18 20:51:39.384918+00:00], Modified=[2019-01-18 20:51:39.384918+00:00]',1,'[{\"added\": {}}, {\"added\": {\"name\": \"answer\", \"object\": \"QuestionPqaID=[None], OptionPos=[0], Message=[Yes], Created=[2019-01-18 20:51:39.386918+00:00], Modified=[2019-01-18 20:51:39.386918+00:00]\"}}, {\"added\": {\"name\": \"answer\", \"object\": \"QuestionPqaID=[None], OptionPos=[1], Message=[Rather yes, than no], Created=[2019-01-18 20:51:39.388920+00:00], Modified=[2019-01-18 20:51:39.388920+00:00]\"}}, {\"added\": {\"name\": \"answer\", \"object\": \"QuestionPqaID=[None], OptionPos=[2], Message=[Hard to say], Created=[2019-01-18 20:51:39.390921+00:00], Modified=[2019-01-18 20:51:39.391920+00:00]\"}}, {\"added\": {\"name\": \"answer\", \"object\": \"QuestionPqaID=[None], OptionPos=[3], Message=[Rather no, than yes], Created=[2019-01-18 20:51:39.392920+00:00], Modified=[2019-01-18 20:51:39.392920+00:00]\"}}, {\"added\": {\"name\": \"answer\", \"object\": \"QuestionPqaID=[None], OptionPos=[4], Message=[No], Created=[2019-01-18 20:51:39.394920+00:00], Modified=[2019-01-18 20:51:39.394920+00:00]\"}}]',3,1),(51,'2019-01-18 20:53:22.584937','32','PqaID=[None], Message=[Are there collectable objects (loot) in the game?], Created=[2019-01-18 20:53:22.574934+00:00], Modified=[2019-01-18 20:53:22.574934+00:00]',1,'[{\"added\": {}}, {\"added\": {\"name\": \"answer\", \"object\": \"QuestionPqaID=[None], OptionPos=[0], Message=[Yes], Created=[2019-01-18 20:53:22.576935+00:00], Modified=[2019-01-18 20:53:22.576935+00:00]\"}}, {\"added\": {\"name\": \"answer\", \"object\": \"QuestionPqaID=[None], OptionPos=[1], Message=[Rather yes, than no], Created=[2019-01-18 20:53:22.578935+00:00], Modified=[2019-01-18 20:53:22.578935+00:00]\"}}, {\"added\": {\"name\": \"answer\", \"object\": \"QuestionPqaID=[None], OptionPos=[2], Message=[Hard to say], Created=[2019-01-18 20:53:22.579935+00:00], Modified=[2019-01-18 20:53:22.579935+00:00]\"}}, {\"added\": {\"name\": \"answer\", \"object\": \"QuestionPqaID=[None], OptionPos=[3], Message=[Rather no, than yes], Created=[2019-01-18 20:53:22.581936+00:00], Modified=[2019-01-18 20:53:22.581936+00:00]\"}}, {\"added\": {\"name\": \"answer\", \"object\": \"QuestionPqaID=[None], OptionPos=[4], Message=[No], Created=[2019-01-18 20:53:22.582936+00:00], Modified=[2019-01-18 20:53:22.582936+00:00]\"}}]',3,1),(52,'2019-01-18 21:00:58.059994','33','PqaID=[None], Message=[Is the game based on comics?], Created=[2019-01-18 21:00:58.048992+00:00], Modified=[2019-01-18 21:00:58.048992+00:00]',1,'[{\"added\": {}}, {\"added\": {\"name\": \"answer\", \"object\": \"QuestionPqaID=[None], OptionPos=[0], Message=[Yes], Created=[2019-01-18 21:00:58.051992+00:00], Modified=[2019-01-18 21:00:58.051992+00:00]\"}}, {\"added\": {\"name\": \"answer\", \"object\": \"QuestionPqaID=[None], OptionPos=[1], Message=[Rather yes, than no], Created=[2019-01-18 21:00:58.053993+00:00], Modified=[2019-01-18 21:00:58.053993+00:00]\"}}, {\"added\": {\"name\": \"answer\", \"object\": \"QuestionPqaID=[None], OptionPos=[2], Message=[Hard to say], Created=[2019-01-18 21:00:58.054993+00:00], Modified=[2019-01-18 21:00:58.054993+00:00]\"}}, {\"added\": {\"name\": \"answer\", \"object\": \"QuestionPqaID=[None], OptionPos=[3], Message=[Rather no, than yes], Created=[2019-01-18 21:00:58.056994+00:00], Modified=[2019-01-18 21:00:58.056994+00:00]\"}}, {\"added\": {\"name\": \"answer\", \"object\": \"QuestionPqaID=[None], OptionPos=[4], Message=[No], Created=[2019-01-18 21:00:58.057994+00:00], Modified=[2019-01-18 21:00:58.057994+00:00]\"}}]',3,1),(53,'2019-01-18 21:34:02.871327','18','Title=[Into the Breach], Link=[https://en.wikipedia.org/wiki/Into_the_Breach], ImageMD5=[e56ddc73b7acdec0f22d04e40b4d58c0], Created=[2019-01-18 21:34:02.868326+00:00], Modified=[2019-01-18 21:34:02.86',1,'[{\"added\": {}}]',7,1),(54,'2019-01-18 21:34:52.868039','34','PqaID=[None], Message=[Is the game about saving humanity?], Created=[2019-01-18 21:34:52.857036+00:00], Modified=[2019-01-18 21:34:52.858037+00:00]',1,'[{\"added\": {}}, {\"added\": {\"name\": \"answer\", \"object\": \"QuestionPqaID=[None], OptionPos=[0], Message=[Yes], Created=[2019-01-18 21:34:52.860037+00:00], Modified=[2019-01-18 21:34:52.860037+00:00]\"}}, {\"added\": {\"name\": \"answer\", \"object\": \"QuestionPqaID=[None], OptionPos=[1], Message=[Rather yes, than no], Created=[2019-01-18 21:34:52.862038+00:00], Modified=[2019-01-18 21:34:52.862038+00:00]\"}}, {\"added\": {\"name\": \"answer\", \"object\": \"QuestionPqaID=[None], OptionPos=[2], Message=[Hard to say], Created=[2019-01-18 21:34:52.863038+00:00], Modified=[2019-01-18 21:34:52.863038+00:00]\"}}, {\"added\": {\"name\": \"answer\", \"object\": \"QuestionPqaID=[None], OptionPos=[3], Message=[Rather no, than yes], Created=[2019-01-18 21:34:52.865038+00:00], Modified=[2019-01-18 21:34:52.865038+00:00]\"}}, {\"added\": {\"name\": \"answer\", \"object\": \"QuestionPqaID=[None], OptionPos=[4], Message=[No], Created=[2019-01-18 21:34:52.866038+00:00], Modified=[2019-01-18 21:34:52.866038+00:00]\"}}]',3,1),(55,'2019-01-18 21:35:51.887824','35','PqaID=[None], Message=[Do you fight robots in the game?], Created=[2019-01-18 21:35:51.875820+00:00], Modified=[2019-01-18 21:35:51.875820+00:00]',1,'[{\"added\": {}}, {\"added\": {\"name\": \"answer\", \"object\": \"QuestionPqaID=[None], OptionPos=[0], Message=[Yes], Created=[2019-01-18 21:35:51.878821+00:00], Modified=[2019-01-18 21:35:51.878821+00:00]\"}}, {\"added\": {\"name\": \"answer\", \"object\": \"QuestionPqaID=[None], OptionPos=[1], Message=[Rather yes, than no], Created=[2019-01-18 21:35:51.880821+00:00], Modified=[2019-01-18 21:35:51.880821+00:00]\"}}, {\"added\": {\"name\": \"answer\", \"object\": \"QuestionPqaID=[None], OptionPos=[2], Message=[Hard to say], Created=[2019-01-18 21:35:51.882822+00:00], Modified=[2019-01-18 21:35:51.882822+00:00]\"}}, {\"added\": {\"name\": \"answer\", \"object\": \"QuestionPqaID=[None], OptionPos=[3], Message=[Rather no, than yes], Created=[2019-01-18 21:35:51.884823+00:00], Modified=[2019-01-18 21:35:51.884823+00:00]\"}}, {\"added\": {\"name\": \"answer\", \"object\": \"QuestionPqaID=[None], OptionPos=[4], Message=[No], Created=[2019-01-18 21:35:51.885823+00:00], Modified=[2019-01-18 21:35:51.885823+00:00]\"}}]',3,1),(56,'2019-01-18 21:42:56.351386','36','PqaID=[None], Message=[Is there time-traveling in the game?], Created=[2019-01-18 21:42:56.337383+00:00], Modified=[2019-01-18 21:42:56.337383+00:00]',1,'[{\"added\": {}}, {\"added\": {\"name\": \"answer\", \"object\": \"QuestionPqaID=[None], OptionPos=[0], Message=[Yes], Created=[2019-01-18 21:42:56.341384+00:00], Modified=[2019-01-18 21:42:56.341384+00:00]\"}}, {\"added\": {\"name\": \"answer\", \"object\": \"QuestionPqaID=[None], OptionPos=[1], Message=[Rather yes, than no], Created=[2019-01-18 21:42:56.343385+00:00], Modified=[2019-01-18 21:42:56.343385+00:00]\"}}, {\"added\": {\"name\": \"answer\", \"object\": \"QuestionPqaID=[None], OptionPos=[2], Message=[Hard to say], Created=[2019-01-18 21:42:56.345385+00:00], Modified=[2019-01-18 21:42:56.345385+00:00]\"}}, {\"added\": {\"name\": \"answer\", \"object\": \"QuestionPqaID=[None], OptionPos=[3], Message=[Rather no, than yes], Created=[2019-01-18 21:42:56.347386+00:00], Modified=[2019-01-18 21:42:56.347386+00:00]\"}}, {\"added\": {\"name\": \"answer\", \"object\": \"QuestionPqaID=[None], OptionPos=[4], Message=[No], Created=[2019-01-18 21:42:56.349386+00:00], Modified=[2019-01-18 21:42:56.349386+00:00]\"}}]',3,1),(57,'2019-01-18 22:07:28.273581','19','Title=[Assassin\'s Creed Odyssey], Link=[https://en.wikipedia.org/wiki/Assassin%27s_Creed_Odyssey], ImageMD5=[b68564ab3987fc27b56d27e3cb9e7de1], Created=[2019-01-18 22:07:28.256568+00:00], Modified=[20',1,'[{\"added\": {}}]',7,1),(58,'2019-01-18 22:08:09.344445','37','PqaID=[None], Message=[Is it a role-playing game?], Created=[2019-01-18 22:08:09.334444+00:00], Modified=[2019-01-18 22:08:09.334444+00:00]',1,'[{\"added\": {}}, {\"added\": {\"name\": \"answer\", \"object\": \"QuestionPqaID=[None], OptionPos=[0], Message=[Yes], Created=[2019-01-18 22:08:09.336444+00:00], Modified=[2019-01-18 22:08:09.336444+00:00]\"}}, {\"added\": {\"name\": \"answer\", \"object\": \"QuestionPqaID=[None], OptionPos=[1], Message=[Rather yes, than no], Created=[2019-01-18 22:08:09.338444+00:00], Modified=[2019-01-18 22:08:09.338444+00:00]\"}}, {\"added\": {\"name\": \"answer\", \"object\": \"QuestionPqaID=[None], OptionPos=[2], Message=[Hard to say], Created=[2019-01-18 22:08:09.339444+00:00], Modified=[2019-01-18 22:08:09.339444+00:00]\"}}, {\"added\": {\"name\": \"answer\", \"object\": \"QuestionPqaID=[None], OptionPos=[3], Message=[Rather no, than yes], Created=[2019-01-18 22:08:09.341445+00:00], Modified=[2019-01-18 22:08:09.341445+00:00]\"}}, {\"added\": {\"name\": \"answer\", \"object\": \"QuestionPqaID=[None], OptionPos=[4], Message=[No], Created=[2019-01-18 22:08:09.343445+00:00], Modified=[2019-01-18 22:08:09.343445+00:00]\"}}]',3,1),(59,'2019-01-18 22:09:59.444680','38','PqaID=[None], Message=[Does the game have branching quests?], Created=[2019-01-18 22:09:59.434675+00:00], Modified=[2019-01-18 22:09:59.434675+00:00]',1,'[{\"added\": {}}, {\"added\": {\"name\": \"answer\", \"object\": \"QuestionPqaID=[None], OptionPos=[0], Message=[Yes], Created=[2019-01-18 22:09:59.436684+00:00], Modified=[2019-01-18 22:09:59.436684+00:00]\"}}, {\"added\": {\"name\": \"answer\", \"object\": \"QuestionPqaID=[None], OptionPos=[1], Message=[Rather yes, than no], Created=[2019-01-18 22:09:59.437675+00:00], Modified=[2019-01-18 22:09:59.437675+00:00]\"}}, {\"added\": {\"name\": \"answer\", \"object\": \"QuestionPqaID=[None], OptionPos=[2], Message=[Hard to say], Created=[2019-01-18 22:09:59.439685+00:00], Modified=[2019-01-18 22:09:59.439685+00:00]\"}}, {\"added\": {\"name\": \"answer\", \"object\": \"QuestionPqaID=[None], OptionPos=[3], Message=[Rather no, than yes], Created=[2019-01-18 22:09:59.441677+00:00], Modified=[2019-01-18 22:09:59.441677+00:00]\"}}, {\"added\": {\"name\": \"answer\", \"object\": \"QuestionPqaID=[None], OptionPos=[4], Message=[No], Created=[2019-01-18 22:09:59.443686+00:00], Modified=[2019-01-18 22:09:59.443686+00:00]\"}}]',3,1),(60,'2019-01-18 22:10:46.170000','39','PqaID=[None], Message=[Does the game have multiple endings?], Created=[2019-01-18 22:10:46.158995+00:00], Modified=[2019-01-18 22:10:46.159996+00:00]',1,'[{\"added\": {}}, {\"added\": {\"name\": \"answer\", \"object\": \"QuestionPqaID=[None], OptionPos=[0], Message=[Yes], Created=[2019-01-18 22:10:46.161997+00:00], Modified=[2019-01-18 22:10:46.161997+00:00]\"}}, {\"added\": {\"name\": \"answer\", \"object\": \"QuestionPqaID=[None], OptionPos=[1], Message=[Rather yes, than no], Created=[2019-01-18 22:10:46.162996+00:00], Modified=[2019-01-18 22:10:46.163996+00:00]\"}}, {\"added\": {\"name\": \"answer\", \"object\": \"QuestionPqaID=[None], OptionPos=[2], Message=[Hard to say], Created=[2019-01-18 22:10:46.164997+00:00], Modified=[2019-01-18 22:10:46.164997+00:00]\"}}, {\"added\": {\"name\": \"answer\", \"object\": \"QuestionPqaID=[None], OptionPos=[3], Message=[Rather no, than yes], Created=[2019-01-18 22:10:46.166998+00:00], Modified=[2019-01-18 22:10:46.166998+00:00]\"}}, {\"added\": {\"name\": \"answer\", \"object\": \"QuestionPqaID=[None], OptionPos=[4], Message=[No], Created=[2019-01-18 22:10:46.168998+00:00], Modified=[2019-01-18 22:10:46.168998+00:00]\"}}]',3,1),(61,'2019-01-18 22:12:11.211077','40','PqaID=[None], Message=[Can you choose the gender of the main character?], Created=[2019-01-18 22:12:11.200074+00:00], Modified=[2019-01-18 22:12:11.200074+00:00]',1,'[{\"added\": {}}, {\"added\": {\"name\": \"answer\", \"object\": \"QuestionPqaID=[None], OptionPos=[0], Message=[Yes], Created=[2019-01-18 22:12:11.203075+00:00], Modified=[2019-01-18 22:12:11.203075+00:00]\"}}, {\"added\": {\"name\": \"answer\", \"object\": \"QuestionPqaID=[None], OptionPos=[1], Message=[Rather yes, than no], Created=[2019-01-18 22:12:11.205076+00:00], Modified=[2019-01-18 22:12:11.205076+00:00]\"}}, {\"added\": {\"name\": \"answer\", \"object\": \"QuestionPqaID=[None], OptionPos=[2], Message=[Hard to say], Created=[2019-01-18 22:12:11.206075+00:00], Modified=[2019-01-18 22:12:11.206075+00:00]\"}}, {\"added\": {\"name\": \"answer\", \"object\": \"QuestionPqaID=[None], OptionPos=[3], Message=[Rather no, than yes], Created=[2019-01-18 22:12:11.208076+00:00], Modified=[2019-01-18 22:12:11.208076+00:00]\"}}, {\"added\": {\"name\": \"answer\", \"object\": \"QuestionPqaID=[None], OptionPos=[4], Message=[No], Created=[2019-01-18 22:12:11.209076+00:00], Modified=[2019-01-18 22:12:11.210077+00:00]\"}}]',3,1),(62,'2019-01-18 22:13:54.304347','41','PqaID=[None], Message=[Is there a notoriety system in the game?], Created=[2019-01-18 22:13:54.294353+00:00], Modified=[2019-01-18 22:13:54.294353+00:00]',1,'[{\"added\": {}}, {\"added\": {\"name\": \"answer\", \"object\": \"QuestionPqaID=[None], OptionPos=[0], Message=[Yes], Created=[2019-01-18 22:13:54.296344+00:00], Modified=[2019-01-18 22:13:54.296344+00:00]\"}}, {\"added\": {\"name\": \"answer\", \"object\": \"QuestionPqaID=[None], OptionPos=[1], Message=[Rather yes, than no], Created=[2019-01-18 22:13:54.298346+00:00], Modified=[2019-01-18 22:13:54.298346+00:00]\"}}, {\"added\": {\"name\": \"answer\", \"object\": \"QuestionPqaID=[None], OptionPos=[2], Message=[Hard to say], Created=[2019-01-18 22:13:54.299355+00:00], Modified=[2019-01-18 22:13:54.299355+00:00]\"}}, {\"added\": {\"name\": \"answer\", \"object\": \"QuestionPqaID=[None], OptionPos=[3], Message=[Rather no, than yes], Created=[2019-01-18 22:13:54.301355+00:00], Modified=[2019-01-18 22:13:54.301355+00:00]\"}}, {\"added\": {\"name\": \"answer\", \"object\": \"QuestionPqaID=[None], OptionPos=[4], Message=[No], Created=[2019-01-18 22:13:54.302355+00:00], Modified=[2019-01-18 22:13:54.303355+00:00]\"}}]',3,1),(63,'2019-01-18 22:15:44.193951','42','PqaID=[None], Message=[Is there a skill tree in the game?], Created=[2019-01-18 22:15:44.184958+00:00], Modified=[2019-01-18 22:15:44.184958+00:00]',1,'[{\"added\": {}}, {\"added\": {\"name\": \"answer\", \"object\": \"QuestionPqaID=[None], OptionPos=[0], Message=[Yes], Created=[2019-01-18 22:15:44.186950+00:00], Modified=[2019-01-18 22:15:44.186950+00:00]\"}}, {\"added\": {\"name\": \"answer\", \"object\": \"QuestionPqaID=[None], OptionPos=[1], Message=[Rather yes, than no], Created=[2019-01-18 22:15:44.188950+00:00], Modified=[2019-01-18 22:15:44.188950+00:00]\"}}, {\"added\": {\"name\": \"answer\", \"object\": \"QuestionPqaID=[None], OptionPos=[2], Message=[Hard to say], Created=[2019-01-18 22:15:44.189950+00:00], Modified=[2019-01-18 22:15:44.189950+00:00]\"}}, {\"added\": {\"name\": \"answer\", \"object\": \"QuestionPqaID=[None], OptionPos=[3], Message=[Rather no, than yes], Created=[2019-01-18 22:15:44.191960+00:00], Modified=[2019-01-18 22:15:44.191960+00:00]\"}}, {\"added\": {\"name\": \"answer\", \"object\": \"QuestionPqaID=[None], OptionPos=[4], Message=[No], Created=[2019-01-18 22:15:44.192960+00:00], Modified=[2019-01-18 22:15:44.192960+00:00]\"}}]',3,1),(64,'2019-01-18 22:18:11.331239','43','PqaID=[None], Message=[Can the character do magic?], Created=[2019-01-18 22:18:11.321238+00:00], Modified=[2019-01-18 22:18:11.322238+00:00]',1,'[{\"added\": {}}, {\"added\": {\"name\": \"answer\", \"object\": \"QuestionPqaID=[None], OptionPos=[0], Message=[Yes], Created=[2019-01-18 22:18:11.324238+00:00], Modified=[2019-01-18 22:18:11.324238+00:00]\"}}, {\"added\": {\"name\": \"answer\", \"object\": \"QuestionPqaID=[None], OptionPos=[1], Message=[Rather yes, than no], Created=[2019-01-18 22:18:11.325238+00:00], Modified=[2019-01-18 22:18:11.325238+00:00]\"}}, {\"added\": {\"name\": \"answer\", \"object\": \"QuestionPqaID=[None], OptionPos=[2], Message=[Hard to say], Created=[2019-01-18 22:18:11.327239+00:00], Modified=[2019-01-18 22:18:11.327239+00:00]\"}}, {\"added\": {\"name\": \"answer\", \"object\": \"QuestionPqaID=[None], OptionPos=[3], Message=[Rather no, than yes], Created=[2019-01-18 22:18:11.328239+00:00], Modified=[2019-01-18 22:18:11.328239+00:00]\"}}, {\"added\": {\"name\": \"answer\", \"object\": \"QuestionPqaID=[None], OptionPos=[4], Message=[No], Created=[2019-01-18 22:18:11.330239+00:00], Modified=[2019-01-18 22:18:11.330239+00:00]\"}}]',3,1),(65,'2019-01-18 22:21:04.608535','44','PqaID=[None], Message=[Can the player develop romantic relationships with non-playable characters?], Created=[2019-01-18 22:21:04.590531+00:00], Modified=[2019-01-18 22:21:04.590531+00:00]',1,'[{\"added\": {}}, {\"added\": {\"name\": \"answer\", \"object\": \"QuestionPqaID=[None], OptionPos=[0], Message=[Yes], Created=[2019-01-18 22:21:04.592531+00:00], Modified=[2019-01-18 22:21:04.592531+00:00]\"}}, {\"added\": {\"name\": \"answer\", \"object\": \"QuestionPqaID=[None], OptionPos=[1], Message=[Rather yes, than no], Created=[2019-01-18 22:21:04.594532+00:00], Modified=[2019-01-18 22:21:04.594532+00:00]\"}}, {\"added\": {\"name\": \"answer\", \"object\": \"QuestionPqaID=[None], OptionPos=[2], Message=[Hard to say], Created=[2019-01-18 22:21:04.602534+00:00], Modified=[2019-01-18 22:21:04.603533+00:00]\"}}, {\"added\": {\"name\": \"answer\", \"object\": \"QuestionPqaID=[None], OptionPos=[3], Message=[Rather no, than yes], Created=[2019-01-18 22:21:04.604533+00:00], Modified=[2019-01-18 22:21:04.604533+00:00]\"}}, {\"added\": {\"name\": \"answer\", \"object\": \"QuestionPqaID=[None], OptionPos=[4], Message=[No], Created=[2019-01-18 22:21:04.606534+00:00], Modified=[2019-01-18 22:21:04.606534+00:00]\"}}]',3,1),(66,'2019-01-18 23:07:09.573059','19','PqaID=[18], Message=[Is it a puzzle game?], Created=[2019-01-18 17:32:02.543906+00:00], Modified=[2019-01-18 23:07:09.569058+00:00]',2,'[{\"changed\": {\"fields\": [\"message\"]}}]',3,1),(67,'2019-01-18 23:12:06.294669','20','Title=[Return of the Obra Dinn], Link=[https://en.wikipedia.org/wiki/Return_of_the_Obra_Dinn], ImageMD5=[9b986b31f68f32cb0b84e5491bd02ca4], Created=[2019-01-18 23:12:06.290669+00:00], Modified=[2019-0',1,'[{\"added\": {}}]',7,1);
/*!40000 ALTER TABLE `django_admin_log` ENABLE KEYS */;
UNLOCK TABLES;

--
-- Table structure for table `django_content_type`
--

DROP TABLE IF EXISTS `django_content_type`;
/*!40101 SET @saved_cs_client     = @@character_set_client */;
 SET character_set_client = utf8mb4 ;
CREATE TABLE `django_content_type` (
  `id` int(11) NOT NULL AUTO_INCREMENT,
  `app_label` varchar(100) COLLATE utf8_unicode_ci NOT NULL,
  `model` varchar(100) COLLATE utf8_unicode_ci NOT NULL,
  PRIMARY KEY (`id`),
  UNIQUE KEY `django_content_type_app_label_model_76bd3d3b_uniq` (`app_label`,`model`)
) ENGINE=InnoDB AUTO_INCREMENT=14 DEFAULT CHARSET=utf8 COLLATE=utf8_unicode_ci;
/*!40101 SET character_set_client = @saved_cs_client */;

--
-- Dumping data for table `django_content_type`
--

LOCK TABLES `django_content_type` WRITE;
/*!40000 ALTER TABLE `django_content_type` DISABLE KEYS */;
INSERT INTO `django_content_type` VALUES (8,'admin','logentry'),(10,'auth','group'),(9,'auth','permission'),(11,'auth','user'),(12,'contenttypes','contenttype'),(1,'pqawV1','answer'),(2,'pqawV1','knowledgebase'),(3,'pqawV1','question'),(4,'pqawV1','quiz'),(5,'pqawV1','quizchoice'),(6,'pqawV1','quiztarget'),(7,'pqawV1','target'),(13,'sessions','session');
/*!40000 ALTER TABLE `django_content_type` ENABLE KEYS */;
UNLOCK TABLES;

--
-- Table structure for table `django_migrations`
--

DROP TABLE IF EXISTS `django_migrations`;
/*!40101 SET @saved_cs_client     = @@character_set_client */;
 SET character_set_client = utf8mb4 ;
CREATE TABLE `django_migrations` (
  `id` int(11) NOT NULL AUTO_INCREMENT,
  `app` varchar(255) COLLATE utf8_unicode_ci NOT NULL,
  `name` varchar(255) COLLATE utf8_unicode_ci NOT NULL,
  `applied` datetime(6) NOT NULL,
  PRIMARY KEY (`id`)
) ENGINE=InnoDB AUTO_INCREMENT=18 DEFAULT CHARSET=utf8 COLLATE=utf8_unicode_ci;
/*!40101 SET character_set_client = @saved_cs_client */;

--
-- Dumping data for table `django_migrations`
--

LOCK TABLES `django_migrations` WRITE;
/*!40000 ALTER TABLE `django_migrations` DISABLE KEYS */;
INSERT INTO `django_migrations` VALUES (1,'contenttypes','0001_initial','2019-01-16 20:08:19.161426'),(2,'auth','0001_initial','2019-01-16 20:08:20.464748'),(3,'admin','0001_initial','2019-01-16 20:08:20.825847'),(4,'admin','0002_logentry_remove_auto_add','2019-01-16 20:08:20.837849'),(5,'admin','0003_logentry_add_action_flag_choices','2019-01-16 20:08:20.849853'),(6,'contenttypes','0002_remove_content_type_name','2019-01-16 20:08:21.025887'),(7,'auth','0002_alter_permission_name_max_length','2019-01-16 20:08:21.154918'),(8,'auth','0003_alter_user_email_max_length','2019-01-16 20:08:21.259944'),(9,'auth','0004_alter_user_username_opts','2019-01-16 20:08:21.272948'),(10,'auth','0005_alter_user_last_login_null','2019-01-16 20:08:21.368972'),(11,'auth','0006_require_contenttypes_0002','2019-01-16 20:08:21.375973'),(12,'auth','0007_alter_validators_add_error_messages','2019-01-16 20:08:21.388976'),(13,'auth','0008_alter_user_username_max_length','2019-01-16 20:08:21.552016'),(14,'auth','0009_alter_user_last_name_max_length','2019-01-16 20:08:21.666054'),(15,'pqawV1','0001_initial','2019-01-16 20:08:22.662291'),(16,'sessions','0001_initial','2019-01-16 20:08:22.727316'),(17,'pqawV1','0002_auto_20190119_1458','2019-01-19 11:59:53.876967');
/*!40000 ALTER TABLE `django_migrations` ENABLE KEYS */;
UNLOCK TABLES;

--
-- Table structure for table `django_session`
--

DROP TABLE IF EXISTS `django_session`;
/*!40101 SET @saved_cs_client     = @@character_set_client */;
 SET character_set_client = utf8mb4 ;
CREATE TABLE `django_session` (
  `session_key` varchar(40) COLLATE utf8_unicode_ci NOT NULL,
  `session_data` longtext COLLATE utf8_unicode_ci NOT NULL,
  `expire_date` datetime(6) NOT NULL,
  PRIMARY KEY (`session_key`),
  KEY `django_session_expire_date_a5c62663` (`expire_date`)
) ENGINE=InnoDB DEFAULT CHARSET=utf8 COLLATE=utf8_unicode_ci;
/*!40101 SET character_set_client = @saved_cs_client */;

--
-- Dumping data for table `django_session`
--

LOCK TABLES `django_session` WRITE;
/*!40000 ALTER TABLE `django_session` DISABLE KEYS */;
INSERT INTO `django_session` VALUES ('dvw8b0xrriyn38cas4o8rd6w3qcfwcp6','MGU2NzRkZWRlNTcwZjlmNGM5MzdmMTlhODc0NmQ0NmU2NjM5ZjA1ZjqABJUhAAAAAAAAAH2UjA5hY3RpdmVfcXVpenplc5SPlChLKEs4Sz9LB5BzLg==','2019-02-02 12:07:48.136482'),('fn0z4rfqld56hga2mg0opqykcp3omzni','YTgyYjUzZmZlYzZmODFhMTU1YTRkM2ZmZDJmNjJiODMwZTdjM2EwZTqABJUlAAAAAAAAAH2UjA5hY3RpdmVfcXVpenplc5SPlChLIUsISwlLCksLSwyQcy4=','2019-02-01 18:34:44.467142'),('fvj23ntowd3hvn7ord06wnvwug69fqu8','NmE4NDRiODgxMDJjNTA5NjI0MDYxNmNjMGIzMDcxZTBmNmQxY2RhMTqABJUbAAAAAAAAAH2UjA5hY3RpdmVfcXVpenplc5SPlChLBpBzLg==','2019-02-01 13:07:13.792898'),('m8v62twnw520oodqurv68kkyd8hhazzl','NGVlNmYxNDZlODQxOTA0ZmNmNWMwMzQwZDg1NGMzZjUzMWI2MDA1YTqABJUbAAAAAAAAAH2UjA5hY3RpdmVfcXVpenplc5SPlChLPZBzLg==','2019-02-02 02:17:31.701473'),('qr0c6fq7tvj599hqary10bfay8660xh6','OTAzMjEyYmZmNjYxNDRiNGU1MGI3N2Y4MWZhNzkyMTM5Y2QyNzg5YjqABJXEAAAAAAAAAH2UKIwNX2F1dGhfdXNlcl9pZJSMATGUjBJfYXV0aF91c2VyX2JhY2tlbmSUjClkamFuZ28uY29udHJpYi5hdXRoLmJhY2tlbmRzLk1vZGVsQmFja2VuZJSMD19hdXRoX3VzZXJfaGFzaJSMKDI4NThlYTgzMzdiNWI4MWM1ZDgwMzU4ZThiNWYwMTVlMDM5ODNmYTOUjA5hY3RpdmVfcXVpenplc5SPlChLA0sFSyZLKksrSyxLDUstSy5LM0s8Sz6QdS4=','2019-02-02 12:04:41.556760');
/*!40000 ALTER TABLE `django_session` ENABLE KEYS */;
UNLOCK TABLES;

--
-- Table structure for table `pqawv1_answer`
--

DROP TABLE IF EXISTS `pqawv1_answer`;
/*!40101 SET @saved_cs_client     = @@character_set_client */;
 SET character_set_client = utf8mb4 ;
CREATE TABLE `pqawv1_answer` (
  `id` bigint(20) NOT NULL AUTO_INCREMENT,
  `option_pos` bigint(20) NOT NULL,
  `message` varchar(255) COLLATE utf8_unicode_ci NOT NULL,
  `created` datetime(6) NOT NULL,
  `modified` datetime(6) NOT NULL,
  `question_id` bigint(20) NOT NULL,
  PRIMARY KEY (`id`),
  KEY `pqawV1_answer_question_id_c9c0ce01_fk_pqawV1_question_id` (`question_id`),
  CONSTRAINT `pqawV1_answer_question_id_c9c0ce01_fk_pqawV1_question_id` FOREIGN KEY (`question_id`) REFERENCES `pqawv1_question` (`id`)
) ENGINE=InnoDB AUTO_INCREMENT=221 DEFAULT CHARSET=utf8 COLLATE=utf8_unicode_ci;
/*!40101 SET character_set_client = @saved_cs_client */;

--
-- Dumping data for table `pqawv1_answer`
--

LOCK TABLES `pqawv1_answer` WRITE;
/*!40000 ALTER TABLE `pqawv1_answer` DISABLE KEYS */;
INSERT INTO `pqawv1_answer` VALUES (1,0,'Yes','2019-01-16 20:49:09.956543','2019-01-16 20:49:09.957554',1),(2,1,'Rather yes, than no','2019-01-16 20:49:09.959554','2019-01-16 20:49:09.959554',1),(3,2,'Hard to say','2019-01-16 20:49:09.961545','2019-01-16 20:49:09.961545',1),(4,3,'Rather no, than yes','2019-01-16 20:49:09.962545','2019-01-16 20:49:09.962545',1),(5,4,'No','2019-01-16 20:49:09.964555','2019-01-16 20:49:09.964555',1),(6,0,'Yes','2019-01-16 20:53:17.150984','2019-01-16 20:53:17.150984',2),(7,1,'Rather yes, than no','2019-01-16 20:53:17.152985','2019-01-16 20:53:17.152985',2),(8,2,'Hard to say','2019-01-16 20:53:17.154985','2019-01-16 20:53:17.154985',2),(9,3,'Rather no, than yes','2019-01-16 20:53:17.156986','2019-01-16 20:53:17.156986',2),(10,4,'No','2019-01-16 20:53:17.158986','2019-01-16 20:53:17.158986',2),(11,0,'Yes','2019-01-18 13:24:59.072905','2019-01-18 13:24:59.072905',3),(12,1,'Rather yes, than no','2019-01-18 13:24:59.073897','2019-01-18 13:24:59.073897',3),(13,2,'Hard to say','2019-01-18 13:24:59.075906','2019-01-18 13:24:59.075906',3),(14,3,'Rather no, than yes','2019-01-18 13:24:59.076897','2019-01-18 13:24:59.076897',3),(15,4,'No','2019-01-18 13:24:59.078899','2019-01-18 13:24:59.078899',3),(16,0,'Yes','2019-01-18 13:26:28.420309','2019-01-18 13:26:28.420309',4),(17,1,'Rather yes, than no','2019-01-18 13:26:28.423310','2019-01-18 13:26:28.423310',4),(18,2,'Hard to say','2019-01-18 13:26:28.424310','2019-01-18 13:26:28.424310',4),(19,3,'Rather no, than yes','2019-01-18 13:26:28.426311','2019-01-18 13:26:28.426311',4),(20,4,'No','2019-01-18 13:26:28.427312','2019-01-18 13:26:28.427312',4),(21,0,'Yes','2019-01-18 13:56:53.185032','2019-01-18 13:56:53.185032',5),(22,1,'Rather yes, than no','2019-01-18 13:56:53.186033','2019-01-18 13:56:53.187032',5),(23,2,'Hard to say','2019-01-18 13:56:53.188033','2019-01-18 13:56:53.188033',5),(24,3,'Rather no, than yes','2019-01-18 13:56:53.189034','2019-01-18 13:56:53.190033',5),(25,4,'No','2019-01-18 13:56:53.191034','2019-01-18 13:56:53.191034',5),(26,0,'Yes','2019-01-18 14:00:45.439792','2019-01-18 14:00:45.439792',6),(27,1,'Rather yes, than no','2019-01-18 14:00:45.440792','2019-01-18 14:00:45.440792',6),(28,2,'Hard to say','2019-01-18 14:00:45.442793','2019-01-18 14:00:45.442793',6),(29,3,'Rather no, than yes','2019-01-18 14:00:45.443793','2019-01-18 14:00:45.443793',6),(30,4,'No','2019-01-18 14:00:45.445793','2019-01-18 14:00:45.445793',6),(31,0,'Yes','2019-01-18 14:44:13.305602','2019-01-18 14:44:13.305602',7),(32,1,'Rather yes, than no','2019-01-18 14:44:13.307602','2019-01-18 14:44:13.307602',7),(33,2,'Hard to say','2019-01-18 14:44:13.308602','2019-01-18 14:44:13.308602',7),(34,3,'Rather no, than yes','2019-01-18 14:44:13.310611','2019-01-18 14:44:13.310611',7),(35,4,'No','2019-01-18 14:44:13.311603','2019-01-18 14:44:13.311603',7),(36,0,'Yes','2019-01-18 14:47:25.852748','2019-01-18 14:47:25.852748',8),(37,1,'Rather yes, than no','2019-01-18 14:47:25.853758','2019-01-18 14:47:25.854758',8),(38,2,'Hard to say','2019-01-18 14:47:25.855759','2019-01-18 14:47:25.855759',8),(39,3,'Rather no, than yes','2019-01-18 14:47:25.856759','2019-01-18 14:47:25.857751',8),(40,4,'No','2019-01-18 14:47:25.858759','2019-01-18 14:47:25.858759',8),(41,0,'Yes','2019-01-18 15:14:04.128460','2019-01-18 15:14:04.128460',9),(42,1,'Rather yes, than no','2019-01-18 15:14:04.129460','2019-01-18 15:14:04.130462',9),(43,2,'Hard to say','2019-01-18 15:14:04.131461','2019-01-18 15:14:04.131461',9),(44,3,'Rather no, than yes','2019-01-18 15:14:04.133462','2019-01-18 15:14:04.133462',9),(45,4,'No','2019-01-18 15:14:04.215484','2019-01-18 15:14:04.216484',9),(46,0,'Yes','2019-01-18 15:25:17.345065','2019-01-18 15:25:17.346074',10),(47,1,'Rather yes, than no','2019-01-18 15:25:17.347074','2019-01-18 15:25:17.347074',10),(48,2,'Hard to say','2019-01-18 15:25:17.348075','2019-01-18 15:25:17.349066',10),(49,3,'Rather no, than yes','2019-01-18 15:25:17.350075','2019-01-18 15:25:17.350075',10),(50,4,'No','2019-01-18 15:25:17.352076','2019-01-18 15:25:17.352076',10),(51,0,'Yes','2019-01-18 15:34:39.694822','2019-01-18 15:34:39.694822',11),(52,1,'Rather yes, than no','2019-01-18 15:34:39.695831','2019-01-18 15:34:39.695831',11),(53,2,'Hard to say','2019-01-18 15:34:39.697832','2019-01-18 15:34:39.697832',11),(54,3,'Rather no, than yes','2019-01-18 15:34:39.698824','2019-01-18 15:34:39.698824',11),(55,4,'No','2019-01-18 15:34:39.700833','2019-01-18 15:34:39.700833',11),(56,0,'Yes','2019-01-18 15:41:53.219972','2019-01-18 15:41:53.219972',12),(57,1,'Rather yes, than no','2019-01-18 15:41:53.221972','2019-01-18 15:41:53.221972',12),(58,2,'Hard to say','2019-01-18 15:41:53.223972','2019-01-18 15:41:53.223972',12),(59,3,'Rather no, than yes','2019-01-18 15:41:53.224973','2019-01-18 15:41:53.224973',12),(60,4,'No','2019-01-18 15:41:53.226974','2019-01-18 15:41:53.226974',12),(61,0,'Yes','2019-01-18 15:42:50.445971','2019-01-18 15:42:50.445971',13),(62,1,'Rather yes, than no','2019-01-18 15:42:50.447971','2019-01-18 15:42:50.447971',13),(63,2,'Hard to say','2019-01-18 15:42:50.449971','2019-01-18 15:42:50.449971',13),(64,3,'Rather no, than yes','2019-01-18 15:42:50.451973','2019-01-18 15:42:50.451973',13),(65,4,'No','2019-01-18 15:42:50.453972','2019-01-18 15:42:50.453972',13),(66,0,'Yes','2019-01-18 15:44:31.020350','2019-01-18 15:44:31.020350',14),(67,1,'Rather yes, than no','2019-01-18 15:44:31.022350','2019-01-18 15:44:31.022350',14),(68,2,'Hard to say','2019-01-18 15:44:31.023351','2019-01-18 15:44:31.023351',14),(69,3,'Rather no, than yes','2019-01-18 15:44:31.025352','2019-01-18 15:44:31.025352',14),(70,4,'No','2019-01-18 15:44:31.026352','2019-01-18 15:44:31.026352',14),(71,0,'Yes','2019-01-18 16:37:14.041357','2019-01-18 16:37:14.041357',15),(72,1,'Rather yes, than no','2019-01-18 16:37:14.043358','2019-01-18 16:37:14.043358',15),(73,2,'Hard to say','2019-01-18 16:37:14.044359','2019-01-18 16:37:14.045358',15),(74,3,'Rather no, than yes','2019-01-18 16:37:14.046358','2019-01-18 16:37:14.046358',15),(75,4,'No','2019-01-18 16:37:14.048359','2019-01-18 16:37:14.048359',15),(76,0,'Yes','2019-01-18 16:38:06.002011','2019-01-18 16:38:06.002011',16),(77,1,'Rather yes, than no','2019-01-18 16:38:06.003011','2019-01-18 16:38:06.004012',16),(78,2,'Hard to say','2019-01-18 16:38:06.005012','2019-01-18 16:38:06.005012',16),(79,3,'Rather no, than yes','2019-01-18 16:38:06.007012','2019-01-18 16:38:06.007012',16),(80,4,'No','2019-01-18 16:38:06.008004','2019-01-18 16:38:06.008004',16),(81,0,'Yes','2019-01-18 16:45:29.333646','2019-01-18 16:45:29.333646',17),(82,1,'Rather yes, than no','2019-01-18 16:45:29.335647','2019-01-18 16:45:29.335647',17),(83,2,'Hard to say','2019-01-18 16:45:29.336647','2019-01-18 16:45:29.336647',17),(84,3,'Rather no, than yes','2019-01-18 16:45:29.338647','2019-01-18 16:45:29.338647',17),(85,4,'No','2019-01-18 16:45:29.339648','2019-01-18 16:45:29.340648',17),(86,0,'Yes','2019-01-18 17:25:29.288508','2019-01-18 17:25:29.288508',18),(87,1,'Rather yes, than no','2019-01-18 17:25:29.290508','2019-01-18 17:25:29.290508',18),(88,2,'Hard to say','2019-01-18 17:25:29.292508','2019-01-18 17:25:29.292508',18),(89,3,'Rather no, than yes','2019-01-18 17:25:29.293508','2019-01-18 17:25:29.293508',18),(90,4,'No','2019-01-18 17:25:29.295509','2019-01-18 17:25:29.295509',18),(91,0,'Yes','2019-01-18 17:32:02.545907','2019-01-18 17:32:02.545907',19),(92,1,'Rather yes, than no','2019-01-18 17:32:02.547907','2019-01-18 17:32:02.547907',19),(93,2,'Hard to say','2019-01-18 17:32:02.548908','2019-01-18 17:32:02.548908',19),(94,3,'Rather no, than yes','2019-01-18 17:32:02.550908','2019-01-18 17:32:02.550908',19),(95,4,'No','2019-01-18 17:32:02.551908','2019-01-18 17:32:02.551908',19),(96,0,'Yes','2019-01-18 17:32:39.827087','2019-01-18 17:32:39.827087',20),(97,1,'Rather yes, than no','2019-01-18 17:32:39.829088','2019-01-18 17:32:39.829088',20),(98,2,'Hard to say','2019-01-18 17:32:39.830088','2019-01-18 17:32:39.830088',20),(99,3,'Rather no, than yes','2019-01-18 17:32:39.832088','2019-01-18 17:32:39.832088',20),(100,4,'No','2019-01-18 17:32:39.833088','2019-01-18 17:32:39.833088',20),(101,0,'Yes','2019-01-18 17:37:51.424554','2019-01-18 17:37:51.424554',21),(102,1,'Rather yes, than no','2019-01-18 17:37:51.426554','2019-01-18 17:37:51.426554',21),(103,2,'Hard to say','2019-01-18 17:37:51.428564','2019-01-18 17:37:51.428564',21),(104,3,'Rather no, than yes','2019-01-18 17:37:51.429555','2019-01-18 17:37:51.430555',21),(105,4,'No','2019-01-18 17:37:51.431555','2019-01-18 17:37:51.431555',21),(106,0,'Yes','2019-01-18 17:38:22.440126','2019-01-18 17:38:22.440126',22),(107,1,'Rather yes, than no','2019-01-18 17:38:22.441127','2019-01-18 17:38:22.441127',22),(108,2,'Hard to say','2019-01-18 17:38:22.443126','2019-01-18 17:38:22.443126',22),(109,3,'Rather no, than yes','2019-01-18 17:38:22.445127','2019-01-18 17:38:22.445127',22),(110,4,'No','2019-01-18 17:38:22.446127','2019-01-18 17:38:22.447128',22),(111,0,'Yes','2019-01-18 17:44:42.030654','2019-01-18 17:44:42.030654',23),(112,1,'Rather yes, than no','2019-01-18 17:44:42.032654','2019-01-18 17:44:42.032654',23),(113,2,'Hard to say','2019-01-18 17:44:42.033654','2019-01-18 17:44:42.033654',23),(114,3,'Rather no, than yes','2019-01-18 17:44:42.035655','2019-01-18 17:44:42.035655',23),(115,4,'No','2019-01-18 17:44:42.036655','2019-01-18 17:44:42.036655',23),(116,0,'Yes','2019-01-18 18:05:40.505377','2019-01-18 18:05:40.505377',24),(117,1,'Rather yes, than no','2019-01-18 18:05:40.507378','2019-01-18 18:05:40.507378',24),(118,2,'Hard to say','2019-01-18 18:05:40.508378','2019-01-18 18:05:40.508378',24),(119,3,'Rather no, than yes','2019-01-18 18:05:40.510378','2019-01-18 18:05:40.510378',24),(120,4,'No','2019-01-18 18:05:40.511379','2019-01-18 18:05:40.512378',24),(121,0,'Yes','2019-01-18 18:46:01.029054','2019-01-18 18:46:01.029054',25),(122,1,'Rather yes, than no','2019-01-18 18:46:01.034055','2019-01-18 18:46:01.034055',25),(123,2,'Hard to say','2019-01-18 18:46:01.038056','2019-01-18 18:46:01.039056',25),(124,3,'Rather no, than yes','2019-01-18 18:46:01.043057','2019-01-18 18:46:01.043057',25),(125,4,'No','2019-01-18 18:46:01.048058','2019-01-18 18:46:01.048058',25),(126,0,'Yes','2019-01-18 19:49:19.847549','2019-01-18 19:49:19.847549',26),(127,1,'Rather yes, than no','2019-01-18 19:49:19.851551','2019-01-18 19:49:19.852551',26),(128,2,'Hard to say','2019-01-18 19:49:19.856543','2019-01-18 19:49:19.856543',26),(129,3,'Rather no, than yes','2019-01-18 19:49:19.861544','2019-01-18 19:49:19.861544',26),(130,4,'No','2019-01-18 19:49:19.866545','2019-01-18 19:49:19.866545',26),(131,0,'Yes','2019-01-18 20:28:21.813728','2019-01-18 20:28:21.813728',27),(132,1,'Rather yes, than no','2019-01-18 20:28:21.815728','2019-01-18 20:28:21.815728',27),(133,2,'Hard to say','2019-01-18 20:28:21.817729','2019-01-18 20:28:21.817729',27),(134,3,'Rather no, than yes','2019-01-18 20:28:21.818729','2019-01-18 20:28:21.818729',27),(135,4,'No','2019-01-18 20:28:21.820729','2019-01-18 20:28:21.820729',27),(136,0,'Yes','2019-01-18 20:41:54.922937','2019-01-18 20:41:54.923947',28),(137,1,'Rather yes, than no','2019-01-18 20:41:54.924938','2019-01-18 20:41:54.924938',28),(138,2,'Hard to say','2019-01-18 20:41:54.925938','2019-01-18 20:41:54.925938',28),(139,3,'Rather no, than yes','2019-01-18 20:41:54.927939','2019-01-18 20:41:54.927939',28),(140,4,'No','2019-01-18 20:41:54.928939','2019-01-18 20:41:54.929939',28),(141,0,'Yes','2019-01-18 20:48:21.514408','2019-01-18 20:48:21.514408',29),(142,1,'Rather yes, than no','2019-01-18 20:48:21.516408','2019-01-18 20:48:21.516408',29),(143,2,'Hard to say','2019-01-18 20:48:21.517408','2019-01-18 20:48:21.517408',29),(144,3,'Rather no, than yes','2019-01-18 20:48:21.519408','2019-01-18 20:48:21.519408',29),(145,4,'No','2019-01-18 20:48:21.521409','2019-01-18 20:48:21.521409',29),(146,0,'Yes','2019-01-18 20:49:12.448318','2019-01-18 20:49:12.448318',30),(147,1,'Rather yes, than no','2019-01-18 20:49:12.450318','2019-01-18 20:49:12.450318',30),(148,2,'Hard to say','2019-01-18 20:49:12.451318','2019-01-18 20:49:12.451318',30),(149,3,'Rather no, than yes','2019-01-18 20:49:12.453319','2019-01-18 20:49:12.453319',30),(150,4,'No','2019-01-18 20:49:12.455320','2019-01-18 20:49:12.455320',30),(151,0,'Yes','2019-01-18 20:51:39.386918','2019-01-18 20:51:39.386918',31),(152,1,'Rather yes, than no','2019-01-18 20:51:39.388920','2019-01-18 20:51:39.388920',31),(153,2,'Hard to say','2019-01-18 20:51:39.390921','2019-01-18 20:51:39.391920',31),(154,3,'Rather no, than yes','2019-01-18 20:51:39.392920','2019-01-18 20:51:39.392920',31),(155,4,'No','2019-01-18 20:51:39.394920','2019-01-18 20:51:39.394920',31),(156,0,'Yes','2019-01-18 20:53:22.576935','2019-01-18 20:53:22.576935',32),(157,1,'Rather yes, than no','2019-01-18 20:53:22.578935','2019-01-18 20:53:22.578935',32),(158,2,'Hard to say','2019-01-18 20:53:22.579935','2019-01-18 20:53:22.579935',32),(159,3,'Rather no, than yes','2019-01-18 20:53:22.581936','2019-01-18 20:53:22.581936',32),(160,4,'No','2019-01-18 20:53:22.582936','2019-01-18 20:53:22.582936',32),(161,0,'Yes','2019-01-18 21:00:58.051992','2019-01-18 21:00:58.051992',33),(162,1,'Rather yes, than no','2019-01-18 21:00:58.053993','2019-01-18 21:00:58.053993',33),(163,2,'Hard to say','2019-01-18 21:00:58.054993','2019-01-18 21:00:58.054993',33),(164,3,'Rather no, than yes','2019-01-18 21:00:58.056994','2019-01-18 21:00:58.056994',33),(165,4,'No','2019-01-18 21:00:58.057994','2019-01-18 21:00:58.057994',33),(166,0,'Yes','2019-01-18 21:34:52.860037','2019-01-18 21:34:52.860037',34),(167,1,'Rather yes, than no','2019-01-18 21:34:52.862038','2019-01-18 21:34:52.862038',34),(168,2,'Hard to say','2019-01-18 21:34:52.863038','2019-01-18 21:34:52.863038',34),(169,3,'Rather no, than yes','2019-01-18 21:34:52.865038','2019-01-18 21:34:52.865038',34),(170,4,'No','2019-01-18 21:34:52.866038','2019-01-18 21:34:52.866038',34),(171,0,'Yes','2019-01-18 21:35:51.878821','2019-01-18 21:35:51.878821',35),(172,1,'Rather yes, than no','2019-01-18 21:35:51.880821','2019-01-18 21:35:51.880821',35),(173,2,'Hard to say','2019-01-18 21:35:51.882822','2019-01-18 21:35:51.882822',35),(174,3,'Rather no, than yes','2019-01-18 21:35:51.884823','2019-01-18 21:35:51.884823',35),(175,4,'No','2019-01-18 21:35:51.885823','2019-01-18 21:35:51.885823',35),(176,0,'Yes','2019-01-18 21:42:56.341384','2019-01-18 21:42:56.341384',36),(177,1,'Rather yes, than no','2019-01-18 21:42:56.343385','2019-01-18 21:42:56.343385',36),(178,2,'Hard to say','2019-01-18 21:42:56.345385','2019-01-18 21:42:56.345385',36),(179,3,'Rather no, than yes','2019-01-18 21:42:56.347386','2019-01-18 21:42:56.347386',36),(180,4,'No','2019-01-18 21:42:56.349386','2019-01-18 21:42:56.349386',36),(181,0,'Yes','2019-01-18 22:08:09.336444','2019-01-18 22:08:09.336444',37),(182,1,'Rather yes, than no','2019-01-18 22:08:09.338444','2019-01-18 22:08:09.338444',37),(183,2,'Hard to say','2019-01-18 22:08:09.339444','2019-01-18 22:08:09.339444',37),(184,3,'Rather no, than yes','2019-01-18 22:08:09.341445','2019-01-18 22:08:09.341445',37),(185,4,'No','2019-01-18 22:08:09.343445','2019-01-18 22:08:09.343445',37),(186,0,'Yes','2019-01-18 22:09:59.436684','2019-01-18 22:09:59.436684',38),(187,1,'Rather yes, than no','2019-01-18 22:09:59.437675','2019-01-18 22:09:59.437675',38),(188,2,'Hard to say','2019-01-18 22:09:59.439685','2019-01-18 22:09:59.439685',38),(189,3,'Rather no, than yes','2019-01-18 22:09:59.441677','2019-01-18 22:09:59.441677',38),(190,4,'No','2019-01-18 22:09:59.443686','2019-01-18 22:09:59.443686',38),(191,0,'Yes','2019-01-18 22:10:46.161997','2019-01-18 22:10:46.161997',39),(192,1,'Rather yes, than no','2019-01-18 22:10:46.162996','2019-01-18 22:10:46.163996',39),(193,2,'Hard to say','2019-01-18 22:10:46.164997','2019-01-18 22:10:46.164997',39),(194,3,'Rather no, than yes','2019-01-18 22:10:46.166998','2019-01-18 22:10:46.166998',39),(195,4,'No','2019-01-18 22:10:46.168998','2019-01-18 22:10:46.168998',39),(196,0,'Yes','2019-01-18 22:12:11.203075','2019-01-18 22:12:11.203075',40),(197,1,'Rather yes, than no','2019-01-18 22:12:11.205076','2019-01-18 22:12:11.205076',40),(198,2,'Hard to say','2019-01-18 22:12:11.206075','2019-01-18 22:12:11.206075',40),(199,3,'Rather no, than yes','2019-01-18 22:12:11.208076','2019-01-18 22:12:11.208076',40),(200,4,'No','2019-01-18 22:12:11.209076','2019-01-18 22:12:11.210077',40),(201,0,'Yes','2019-01-18 22:13:54.296344','2019-01-18 22:13:54.296344',41),(202,1,'Rather yes, than no','2019-01-18 22:13:54.298346','2019-01-18 22:13:54.298346',41),(203,2,'Hard to say','2019-01-18 22:13:54.299355','2019-01-18 22:13:54.299355',41),(204,3,'Rather no, than yes','2019-01-18 22:13:54.301355','2019-01-18 22:13:54.301355',41),(205,4,'No','2019-01-18 22:13:54.302355','2019-01-18 22:13:54.303355',41),(206,0,'Yes','2019-01-18 22:15:44.186950','2019-01-18 22:15:44.186950',42),(207,1,'Rather yes, than no','2019-01-18 22:15:44.188950','2019-01-18 22:15:44.188950',42),(208,2,'Hard to say','2019-01-18 22:15:44.189950','2019-01-18 22:15:44.189950',42),(209,3,'Rather no, than yes','2019-01-18 22:15:44.191960','2019-01-18 22:15:44.191960',42),(210,4,'No','2019-01-18 22:15:44.192960','2019-01-18 22:15:44.192960',42),(211,0,'Yes','2019-01-18 22:18:11.324238','2019-01-18 22:18:11.324238',43),(212,1,'Rather yes, than no','2019-01-18 22:18:11.325238','2019-01-18 22:18:11.325238',43),(213,2,'Hard to say','2019-01-18 22:18:11.327239','2019-01-18 22:18:11.327239',43),(214,3,'Rather no, than yes','2019-01-18 22:18:11.328239','2019-01-18 22:18:11.328239',43),(215,4,'No','2019-01-18 22:18:11.330239','2019-01-18 22:18:11.330239',43),(216,0,'Yes','2019-01-18 22:21:04.592531','2019-01-18 22:21:04.592531',44),(217,1,'Rather yes, than no','2019-01-18 22:21:04.594532','2019-01-18 22:21:04.594532',44),(218,2,'Hard to say','2019-01-18 22:21:04.602534','2019-01-18 22:21:04.603533',44),(219,3,'Rather no, than yes','2019-01-18 22:21:04.604533','2019-01-18 22:21:04.604533',44),(220,4,'No','2019-01-18 22:21:04.606534','2019-01-18 22:21:04.606534',44);
/*!40000 ALTER TABLE `pqawv1_answer` ENABLE KEYS */;
UNLOCK TABLES;

--
-- Table structure for table `pqawv1_knowledgebase`
--

DROP TABLE IF EXISTS `pqawv1_knowledgebase`;
/*!40101 SET @saved_cs_client     = @@character_set_client */;
 SET character_set_client = utf8mb4 ;
CREATE TABLE `pqawv1_knowledgebase` (
  `id` bigint(20) NOT NULL AUTO_INCREMENT,
  `path` varchar(255) COLLATE utf8_unicode_ci NOT NULL,
  `timestamp` datetime(6) NOT NULL,
  PRIMARY KEY (`id`),
  KEY `pqawV1_knowledgebase_timestamp_b8e33cad` (`timestamp`)
) ENGINE=InnoDB AUTO_INCREMENT=103 DEFAULT CHARSET=utf8 COLLATE=utf8_unicode_ci;
/*!40101 SET character_set_client = @saved_cs_client */;

--
-- Dumping data for table `pqawv1_knowledgebase`
--

LOCK TABLES `pqawv1_knowledgebase` WRITE;
/*!40000 ALTER TABLE `pqawv1_knowledgebase` DISABLE KEYS */;
INSERT INTO `pqawv1_knowledgebase` VALUES (1,'2019-01-16_20-55-33_742535.kb','2019-01-16 20:55:33.840558'),(2,'2019-01-18_00-33-42_291525.kb','2019-01-18 00:33:42.414563'),(3,'2019-01-18_01-31-34_988737.kb','2019-01-18 01:31:35.005758'),(4,'2019-01-18_01-31-48_217985.kb','2019-01-18 01:31:48.226987'),(5,'2019-01-18_02-01-36_806029.kb','2019-01-18 02:01:36.822047'),(6,'2019-01-18_02-31-37_386869.kb','2019-01-18 02:31:37.395872'),(7,'2019-01-18_03-01-38_017267.kb','2019-01-18 03:01:38.031269'),(8,'2019-01-18_03-31-38_555225.kb','2019-01-18 03:31:38.561218'),(9,'2019-01-18_04-01-39_128014.kb','2019-01-18 04:01:39.137016'),(10,'2019-01-18_04-31-39_706704.kb','2019-01-18 04:31:39.713705'),(11,'2019-01-18_05-01-40_315872.kb','2019-01-18 05:01:40.323873'),(12,'2019-01-18_05-31-40_874995.kb','2019-01-18 05:31:40.883997'),(13,'2019-01-18_06-01-41_557620.kb','2019-01-18 06:01:41.572625'),(14,'2019-01-18_06-31-42_251641.kb','2019-01-18 06:31:42.262644'),(15,'2019-01-18_07-01-42_897892.kb','2019-01-18 07:01:42.914906'),(16,'2019-01-18_07-31-43_566329.kb','2019-01-18 07:31:43.575321'),(17,'2019-01-18_08-01-44_227533.kb','2019-01-18 08:01:44.243533'),(18,'2019-01-18_08-31-44_843519.kb','2019-01-18 08:31:44.852522'),(19,'2019-01-18_09-01-45_473767.kb','2019-01-18 09:01:45.484769'),(20,'2019-01-18_09-31-46_001995.kb','2019-01-18 09:31:46.008988'),(21,'2019-01-18_10-01-46_618965.kb','2019-01-18 10:01:46.627968'),(22,'2019-01-18_10-31-47_159176.kb','2019-01-18 10:31:47.169179'),(23,'2019-01-18_11-01-47_724034.kb','2019-01-18 11:01:47.741039'),(24,'2019-01-18_11-31-48_230332.kb','2019-01-18 11:31:48.245336'),(25,'2019-01-18_12-01-48_818815.kb','2019-01-18 12:01:48.833818'),(26,'2019-01-18_12-31-49_395343.kb','2019-01-18 12:31:49.408346'),(27,'2019-01-18_13-01-49_985968.kb','2019-01-18 13:01:49.994970'),(28,'2019-01-18_13-32-06_332272.kb','2019-01-18 13:32:06.346269'),(29,'2019-01-18_14-02-06_941657.kb','2019-01-18 14:02:06.948658'),(30,'2019-01-18_14-08-32_807543.kb','2019-01-18 14:08:32.937564'),(31,'2019-01-18_14-11-39_883951.kb','2019-01-18 14:11:39.897955'),(32,'2019-01-18_14-32-07_546641.kb','2019-01-18 14:32:07.553642'),(33,'2019-01-18_14-45-09_074535.kb','2019-01-18 14:45:09.079536'),(34,'2019-01-18_15-02-08_216364.kb','2019-01-18 15:02:08.222367'),(35,'2019-01-18_15-02-54_353071.kb','2019-01-18 15:02:54.434093'),(36,'2019-01-18_15-13-23_316821.kb','2019-01-18 15:13:23.330816'),(37,'2019-01-18_15-32-08_916536.kb','2019-01-18 15:32:08.921538'),(38,'2019-01-18_15-54-39_234879.kb','2019-01-18 15:54:39.409934'),(39,'2019-01-18_16-02-09_504693.kb','2019-01-18 16:02:09.512698'),(40,'2019-01-18_16-32-10_129773.kb','2019-01-18 16:32:10.135774'),(41,'2019-01-18_17-02-10_712386.kb','2019-01-18 17:02:10.725403'),(42,'2019-01-18_17-04-29_719515.kb','2019-01-18 17:04:29.814547'),(43,'2019-01-18_17-08-30_116740.kb','2019-01-18 17:08:30.128735'),(44,'2019-01-18_17-32-11_293214.kb','2019-01-18 17:32:11.299215'),(45,'2019-01-18_18-02-11_909254.kb','2019-01-18 18:02:11.921257'),(46,'2019-01-18_18-09-51_588299.kb','2019-01-18 18:09:51.774353'),(47,'2019-01-18_18-24-17_332541.kb','2019-01-18 18:24:17.341543'),(48,'2019-01-18_18-43-12_758125.kb','2019-01-18 18:43:12.837134'),(49,'2019-01-18_18-43-15_402487.kb','2019-01-18 18:43:15.408488'),(50,'2019-01-18_18-46-22_879968.kb','2019-01-18 18:46:23.003998'),(51,'2019-01-18_18-46-25_804686.kb','2019-01-18 18:46:25.813688'),(52,'2019-01-18_18-50-27_879506.kb','2019-01-18 18:50:27.893509'),(53,'2019-01-18_18-57-54_231277.kb','2019-01-18 18:57:54.240279'),(54,'2019-01-18_19-20-28_734075.kb','2019-01-18 19:20:28.748081'),(55,'2019-01-18_19-57-21_428717.kb','2019-01-18 19:57:21.485741'),(56,'2019-01-18_19-57-23_983767.kb','2019-01-18 19:57:23.996779'),(57,'2019-01-18_20-21-01_909873.kb','2019-01-18 20:21:01.923876'),(58,'2019-01-18_20-28-26_721859.kb','2019-01-18 20:28:26.778873'),(59,'2019-01-18_20-28-29_171417.kb','2019-01-18 20:28:29.181420'),(60,'2019-01-18_20-51-02_537508.kb','2019-01-18 20:51:02.544510'),(61,'2019-01-18_21-09-24_755110.kb','2019-01-18 21:09:24.956157'),(62,'2019-01-18_21-09-37_490561.kb','2019-01-18 21:09:37.498563'),(63,'2019-01-18_21-21-03_138386.kb','2019-01-18 21:21:03.145390'),(64,'2019-01-18_21-43-06_765260.kb','2019-01-18 21:43:06.867283'),(65,'2019-01-18_21-43-09_322892.kb','2019-01-18 21:43:09.328894'),(66,'2019-01-18_21-51-03_682708.kb','2019-01-18 21:51:03.687709'),(67,'2019-01-18_22-21-04_299462.kb','2019-01-18 22:21:04.306464'),(68,'2019-01-18_22-38-09_990040.kb','2019-01-18 22:38:10.195088'),(69,'2019-01-18_22-38-12_724868.kb','2019-01-18 22:38:12.731878'),(70,'2019-01-18_22-51-04_852009.kb','2019-01-18 22:51:04.859020'),(71,'2019-01-18_22-56-04_190536.kb','2019-01-18 22:56:04.196537'),(72,'2019-01-18_23-21-05_752696.kb','2019-01-18 23:21:05.765700'),(73,'2019-01-18_23-27-58_826908.kb','2019-01-18 23:27:58.861916'),(74,'2019-01-18_23-28-01_496541.kb','2019-01-18 23:28:01.503540'),(75,'2019-01-18_23-51-06_462408.kb','2019-01-18 23:51:06.475412'),(76,'2019-01-19_00-21-07_107973.kb','2019-01-19 00:21:07.114975'),(77,'2019-01-19_00-51-07_741260.kb','2019-01-19 00:51:07.748262'),(78,'2019-01-19_01-21-08_307360.kb','2019-01-19 01:21:08.312352'),(79,'2019-01-19_01-51-08_889994.kb','2019-01-19 01:51:08.897005'),(80,'2019-01-19_02-21-09_468667.kb','2019-01-19 02:21:09.485671'),(81,'2019-01-19_02-51-10_120160.kb','2019-01-19 02:51:10.143174'),(82,'2019-01-19_03-21-10_734493.kb','2019-01-19 03:21:10.747497'),(83,'2019-01-19_03-51-11_383263.kb','2019-01-19 03:51:11.389278'),(84,'2019-01-19_04-21-11_937400.kb','2019-01-19 04:21:11.959420'),(85,'2019-01-19_04-51-12_568736.kb','2019-01-19 04:51:12.586741'),(86,'2019-01-19_05-21-13_143424.kb','2019-01-19 05:21:13.151426'),(87,'2019-01-19_05-51-13_748311.kb','2019-01-19 05:51:13.761323'),(88,'2019-01-19_06-21-14_310167.kb','2019-01-19 06:21:14.317179'),(89,'2019-01-19_06-51-14_863812.kb','2019-01-19 06:51:14.870814'),(90,'2019-01-19_07-21-15_417766.kb','2019-01-19 07:21:15.423769'),(91,'2019-01-19_07-51-15_984566.kb','2019-01-19 07:51:15.989556'),(92,'2019-01-19_08-21-16_533466.kb','2019-01-19 08:21:16.546460'),(93,'2019-01-19_08-51-17_096605.kb','2019-01-19 08:51:17.105601'),(94,'2019-01-19_09-21-17_681061.kb','2019-01-19 09:21:17.694065'),(95,'2019-01-19_09-51-18_354586.kb','2019-01-19 09:51:18.368583'),(96,'2019-01-19_10-21-18_924229.kb','2019-01-19 10:21:18.931231'),(97,'2019-01-19_10-51-19_548769.kb','2019-01-19 10:51:19.558772'),(98,'2019-01-19_11-21-20_115151.kb','2019-01-19 11:21:20.121152'),(99,'2019-01-19_11-51-20_698296.kb','2019-01-19 11:51:20.704289'),(100,'2019-01-19_12-34-37_239954.kb','2019-01-19 12:34:37.255943'),(101,'2019-01-19_13-04-37_823977.kb','2019-01-19 13:04:37.830979'),(102,'2019-01-19_13-34-38_417269.kb','2019-01-19 13:34:38.422259');
/*!40000 ALTER TABLE `pqawv1_knowledgebase` ENABLE KEYS */;
UNLOCK TABLES;

--
-- Table structure for table `pqawv1_question`
--

DROP TABLE IF EXISTS `pqawv1_question`;
/*!40101 SET @saved_cs_client     = @@character_set_client */;
 SET character_set_client = utf8mb4 ;
CREATE TABLE `pqawv1_question` (
  `id` bigint(20) NOT NULL AUTO_INCREMENT,
  `pqa_id` bigint(20) DEFAULT NULL,
  `retain` tinyint(1) NOT NULL,
  `message` varchar(255) COLLATE utf8_unicode_ci NOT NULL,
  `created` datetime(6) NOT NULL,
  `modified` datetime(6) NOT NULL,
  PRIMARY KEY (`id`),
  UNIQUE KEY `pqa_id` (`pqa_id`)
) ENGINE=InnoDB AUTO_INCREMENT=45 DEFAULT CHARSET=utf8 COLLATE=utf8_unicode_ci;
/*!40101 SET character_set_client = @saved_cs_client */;

--
-- Dumping data for table `pqawv1_question`
--

LOCK TABLES `pqawv1_question` WRITE;
/*!40000 ALTER TABLE `pqawv1_question` DISABLE KEYS */;
INSERT INTO `pqawv1_question` VALUES (1,0,1,'Is the game about future?','2019-01-16 20:49:09.954553','2019-01-16 20:49:09.954553'),(2,1,1,'Is it a mobile game?','2019-01-16 20:53:17.148984','2019-01-16 20:53:17.148984'),(3,2,1,'Is the scenario post-apocalyptic?','2019-01-18 13:24:59.069905','2019-01-18 13:24:59.069905'),(4,3,1,'Is the game about cosmos?','2019-01-18 13:26:28.418309','2019-01-18 13:26:28.418309'),(5,4,1,'Is it a strategy game?','2019-01-18 13:56:53.182041','2019-01-18 13:56:53.182041'),(6,5,1,'Is the game based on historical events?','2019-01-18 14:00:45.436792','2019-01-18 14:00:45.437792'),(7,6,1,'Is it a multi-player game?','2019-01-18 14:44:13.303609','2019-01-18 14:44:13.303609'),(8,7,1,'Is it a racing game?','2019-01-18 14:47:25.850757','2019-01-18 14:47:25.850757'),(9,8,1,'Is the game based on mythology?','2019-01-18 15:14:04.125459','2019-01-18 15:14:04.126459'),(10,9,1,'Is the game open-world?','2019-01-18 15:25:17.343073','2019-01-18 15:25:17.343073'),(11,10,1,'Is there a play companion in the game?','2019-01-18 15:34:39.691830','2019-01-18 15:34:39.691830'),(12,11,1,'Does the game allow to craft resources?','2019-01-18 15:41:53.217971','2019-01-18 15:41:53.217971'),(13,12,1,'Is there currency in the game?','2019-01-18 15:42:50.443970','2019-01-18 15:42:50.443970'),(14,13,1,'Are there experience points in the game?','2019-01-18 15:44:31.018349','2019-01-18 15:44:31.018349'),(15,14,1,'Is the character an outlaw?','2019-01-18 16:37:14.039366','2019-01-18 16:37:14.039366'),(16,15,1,'Does the game allow trading?','2019-01-18 16:38:06.000010','2019-01-18 16:38:06.000010'),(17,16,1,'Does the game allow to slow down time in combat?','2019-01-18 16:45:29.331646','2019-01-18 16:45:29.331646'),(18,17,1,'Is the game played in first-person perspective?','2019-01-18 17:25:29.286508','2019-01-18 17:25:29.286508'),(19,18,1,'Is it a puzzle game?','2019-01-18 17:32:02.543906','2019-01-18 23:07:09.569058'),(20,19,1,'Is it a combat game?','2019-01-18 17:32:39.825086','2019-01-18 17:32:39.825086'),(21,20,1,'Does the game include a dynamic weather system?','2019-01-18 17:37:51.422553','2019-01-18 17:37:51.422553'),(22,21,1,'Does the game include a day-night cycle?','2019-01-18 17:38:22.437125','2019-01-18 17:38:22.437125'),(23,22,1,'Are there dialogs with non-player characters in the game?','2019-01-18 17:44:42.027652','2019-01-18 17:44:42.028653'),(24,23,1,'Is it a fantasy game?','2019-01-18 18:05:40.503377','2019-01-18 18:05:40.503377'),(25,24,1,'Does the game allow building structures?','2019-01-18 18:46:01.023052','2019-01-18 18:46:01.023052'),(26,25,1,'Is it an arena fighting game?','2019-01-18 19:49:19.840548','2019-01-18 19:49:19.840548'),(27,26,1,'Is it a platformer game?','2019-01-18 20:28:21.811727','2019-01-18 20:28:21.811727'),(28,27,1,'Does the game feature a fast-travel system?','2019-01-18 20:41:54.920946','2019-01-18 20:41:54.921946'),(29,28,1,'Is research available in the game?','2019-01-18 20:48:21.512407','2019-01-18 20:48:21.512407'),(30,29,1,'Is the character a superhero?','2019-01-18 20:49:12.446317','2019-01-18 20:49:12.446317'),(31,30,1,'Does the game contain mini-games, e.g. puzzles?','2019-01-18 20:51:39.384918','2019-01-18 20:51:39.384918'),(32,31,1,'Are there collectable objects (loot) in the game?','2019-01-18 20:53:22.574934','2019-01-18 20:53:22.574934'),(33,32,1,'Is the game based on comics?','2019-01-18 21:00:58.048992','2019-01-18 21:00:58.048992'),(34,33,1,'Is the game about saving humanity?','2019-01-18 21:34:52.857036','2019-01-18 21:34:52.858037'),(35,34,1,'Do you fight robots in the game?','2019-01-18 21:35:51.875820','2019-01-18 21:35:51.875820'),(36,35,1,'Is there time-traveling in the game?','2019-01-18 21:42:56.337383','2019-01-18 21:42:56.337383'),(37,36,1,'Is it a role-playing game?','2019-01-18 22:08:09.334444','2019-01-18 22:08:09.334444'),(38,37,1,'Does the game have branching quests?','2019-01-18 22:09:59.434675','2019-01-18 22:09:59.434675'),(39,38,1,'Does the game have multiple endings?','2019-01-18 22:10:46.158995','2019-01-18 22:10:46.159996'),(40,39,1,'Can you choose the gender of the main character?','2019-01-18 22:12:11.200074','2019-01-18 22:12:11.200074'),(41,40,1,'Is there a notoriety system in the game?','2019-01-18 22:13:54.294353','2019-01-18 22:13:54.294353'),(42,41,1,'Is there a skill tree in the game?','2019-01-18 22:15:44.184958','2019-01-18 22:15:44.184958'),(43,42,1,'Can the character do magic?','2019-01-18 22:18:11.321238','2019-01-18 22:18:11.322238'),(44,43,1,'Can the player develop romantic relationships with non-playable characters?','2019-01-18 22:21:04.590531','2019-01-18 22:21:04.590531');
/*!40000 ALTER TABLE `pqawv1_question` ENABLE KEYS */;
UNLOCK TABLES;

--
-- Table structure for table `pqawv1_quiz`
--

DROP TABLE IF EXISTS `pqawv1_quiz`;
/*!40101 SET @saved_cs_client     = @@character_set_client */;
 SET character_set_client = utf8mb4 ;
CREATE TABLE `pqawv1_quiz` (
  `id` bigint(20) NOT NULL AUTO_INCREMENT,
  `pqa_id` bigint(20) NOT NULL,
  `user_ip` varchar(255) COLLATE utf8_unicode_ci DEFAULT NULL,
  `username` varchar(255) COLLATE utf8_unicode_ci NOT NULL,
  `created` datetime(6) NOT NULL,
  `active_question_id` bigint(20) DEFAULT NULL,
  PRIMARY KEY (`id`),
  UNIQUE KEY `pqa_id` (`pqa_id`),
  KEY `pqawV1_quiz_active_question_id_06b31cf7_fk_pqawV1_question_id` (`active_question_id`),
  CONSTRAINT `pqawV1_quiz_active_question_id_06b31cf7_fk_pqawV1_question_id` FOREIGN KEY (`active_question_id`) REFERENCES `pqawv1_question` (`id`)
) ENGINE=InnoDB AUTO_INCREMENT=62 DEFAULT CHARSET=utf8 COLLATE=utf8_unicode_ci;
/*!40101 SET character_set_client = @saved_cs_client */;

--
-- Dumping data for table `pqawv1_quiz`
--

LOCK TABLES `pqawv1_quiz` WRITE;
/*!40000 ALTER TABLE `pqawv1_quiz` DISABLE KEYS */;
INSERT INTO `pqawv1_quiz` VALUES (1,0,'127.0.0.1','admin','2019-01-16 20:55:45.005610',NULL),(2,1,'127.0.0.1','admin','2019-01-16 20:56:03.371070',NULL),(3,2,'127.0.0.1','admin','2019-01-16 20:56:23.507077',NULL),(4,3,'127.0.0.1','admin','2019-01-16 20:56:41.356274',1),(5,4,'127.0.0.1','admin','2019-01-18 00:33:51.072379',NULL),(6,5,'127.0.0.1','admin','2019-01-18 00:34:18.277073',2),(7,6,'46.216.153.20','','2019-01-18 13:07:13.630861',2),(8,7,'46.216.153.20','','2019-01-18 13:08:01.016056',2),(9,8,'82.209.232.105','','2019-01-18 13:14:46.507825',2),(10,9,'82.209.232.105','','2019-01-18 13:33:32.059096',2),(11,10,'82.209.232.105','','2019-01-18 13:35:20.157762',2),(12,11,'82.209.232.105','','2019-01-18 13:47:18.910201',1),(13,12,'82.209.232.105','','2019-01-18 13:48:11.014164',1),(14,13,'127.0.0.1','admin','2019-01-18 13:49:04.401487',2),(15,14,'127.0.0.1','admin','2019-01-18 14:08:38.106128',NULL),(16,15,'127.0.0.1','admin','2019-01-18 14:09:39.781547',NULL),(17,16,'127.0.0.1','admin','2019-01-18 14:10:24.939344',NULL),(18,17,'127.0.0.1','admin','2019-01-18 14:11:04.093858',1),(19,19,'127.0.0.1','admin','2019-01-18 15:03:02.901023',NULL),(20,20,'127.0.0.1','admin','2019-01-18 15:04:15.477430',NULL),(21,21,'127.0.0.1','admin','2019-01-18 15:05:29.862681',NULL),(22,22,'127.0.0.1','admin','2019-01-18 15:06:24.846431',7),(23,23,'127.0.0.1','admin','2019-01-18 15:06:53.601790',1),(24,24,'127.0.0.1','admin','2019-01-18 15:54:46.956843',NULL),(25,25,'127.0.0.1','admin','2019-01-18 15:56:16.317893',5),(26,26,'127.0.0.1','admin','2019-01-18 17:04:41.098555',NULL),(27,27,'127.0.0.1','admin','2019-01-18 17:07:44.735816',3),(28,28,'127.0.0.1','admin','2019-01-18 18:09:56.415942',NULL),(29,30,'127.0.0.1','admin','2019-01-18 18:22:09.700737',1),(30,31,'82.209.232.105','','2019-01-18 18:26:00.380911',NULL),(31,32,'82.209.232.105','','2019-01-18 18:28:38.645019',NULL),(32,33,'82.209.232.105','','2019-01-18 18:34:44.354124',1),(33,34,'127.0.0.1','admin','2019-01-18 18:43:20.157640',NULL),(34,36,'127.0.0.1','admin','2019-01-18 18:48:14.984791',NULL),(35,37,'127.0.0.1','admin','2019-01-18 18:55:54.931620',4),(36,38,'127.0.0.1','admin','2019-01-18 19:31:44.048219',1),(37,39,'127.0.0.1','admin','2019-01-18 19:36:38.704739',1),(38,40,'82.209.232.105','','2019-01-18 19:37:19.590893',11),(39,41,'127.0.0.1','admin','2019-01-18 19:57:33.375010',NULL),(40,42,'127.0.0.1','admin','2019-01-18 20:00:46.635801',11),(41,43,'127.0.0.1','admin','2019-01-18 20:17:09.461308',20),(42,44,'127.0.0.1','admin','2019-01-18 20:17:53.746422',5),(43,45,'127.0.0.1','admin','2019-01-18 20:18:33.963408',17),(44,46,'127.0.0.1','admin','2019-01-18 20:26:08.073521',24),(45,47,'127.0.0.1','admin','2019-01-18 20:29:46.459583',NULL),(46,48,'127.0.0.1','admin','2019-01-18 20:34:11.900298',15),(47,49,'127.0.0.1','admin','2019-01-18 21:09:33.068999',3),(48,50,'127.0.0.1','admin','2019-01-18 21:11:18.091257',NULL),(49,51,'127.0.0.1','admin','2019-01-18 21:18:24.175349',11),(50,52,'127.0.0.1','admin','2019-01-18 21:43:23.734332',6),(51,53,'127.0.0.1','admin','2019-01-18 21:43:25.727869',NULL),(52,54,'127.0.0.1','admin','2019-01-18 21:48:55.251873',4),(53,55,'82.209.232.105','','2019-01-18 21:49:53.666652',1),(54,56,'82.209.232.105','','2019-01-18 21:51:31.736161',3),(55,57,'127.0.0.1','admin','2019-01-18 22:38:23.693476',NULL),(56,58,'127.0.0.1','admin','2019-01-18 22:55:33.962378',19),(57,59,'127.0.0.1','admin','2019-01-18 23:28:11.881931',NULL),(58,60,'127.0.0.1','admin','2019-01-18 23:38:35.227307',33),(59,61,'172.104.92.166','','2019-01-19 02:17:31.564450',16),(60,62,'127.0.0.1','admin','2019-01-19 12:04:41.439741',6),(61,63,'82.209.232.105','','2019-01-19 12:07:48.012453',17);
/*!40000 ALTER TABLE `pqawv1_quiz` ENABLE KEYS */;
UNLOCK TABLES;

--
-- Table structure for table `pqawv1_quizchoice`
--

DROP TABLE IF EXISTS `pqawv1_quizchoice`;
/*!40101 SET @saved_cs_client     = @@character_set_client */;
 SET character_set_client = utf8mb4 ;
CREATE TABLE `pqawv1_quizchoice` (
  `id` bigint(20) NOT NULL AUTO_INCREMENT,
  `question_pqa_id` bigint(20) NOT NULL,
  `i_answer` bigint(20) NOT NULL,
  `quiz_id` bigint(20) NOT NULL,
  PRIMARY KEY (`id`),
  KEY `pqawV1_quizchoice_quiz_id_88efaaa2_fk_pqawV1_quiz_id` (`quiz_id`),
  CONSTRAINT `pqawV1_quizchoice_quiz_id_88efaaa2_fk_pqawV1_quiz_id` FOREIGN KEY (`quiz_id`) REFERENCES `pqawv1_quiz` (`id`)
) ENGINE=InnoDB AUTO_INCREMENT=424 DEFAULT CHARSET=utf8 COLLATE=utf8_unicode_ci;
/*!40101 SET character_set_client = @saved_cs_client */;

--
-- Dumping data for table `pqawv1_quizchoice`
--

LOCK TABLES `pqawv1_quizchoice` WRITE;
/*!40000 ALTER TABLE `pqawv1_quizchoice` DISABLE KEYS */;
INSERT INTO `pqawv1_quizchoice` VALUES (1,0,0,1),(2,1,4,1),(3,1,0,2),(4,0,2,2),(5,1,0,3),(6,0,1,3),(7,0,0,5),(8,1,4,5),(9,0,4,15),(10,1,1,15),(11,2,4,15),(12,3,4,15),(13,5,0,15),(14,4,3,15),(15,0,2,16),(16,1,4,16),(17,2,1,16),(18,5,4,16),(19,4,0,16),(20,3,0,16),(21,1,4,17),(22,3,0,17),(23,2,3,17),(24,5,4,17),(25,4,0,17),(26,0,2,17),(27,0,3,19),(28,1,1,19),(29,4,4,19),(30,5,4,19),(31,2,4,19),(32,3,4,19),(33,6,0,19),(34,7,0,19),(35,0,3,20),(36,3,4,20),(37,4,4,20),(38,2,4,20),(39,5,4,20),(40,6,1,20),(41,7,1,20),(42,1,4,20),(43,2,3,21),(44,4,0,21),(45,1,4,21),(46,0,3,21),(47,3,3,21),(48,5,0,21),(49,7,4,21),(50,6,1,21),(51,3,0,22),(52,3,3,24),(53,0,4,24),(54,2,4,24),(55,1,4,24),(56,7,4,24),(57,4,4,24),(58,5,3,24),(59,6,4,24),(60,9,3,24),(61,13,0,24),(62,11,0,24),(63,8,0,24),(64,10,0,24),(65,12,0,24),(66,0,4,26),(67,6,1,26),(68,2,4,26),(69,7,4,26),(70,4,4,26),(71,8,3,26),(72,5,1,26),(73,9,0,26),(74,1,4,26),(75,10,1,26),(76,13,2,26),(77,12,0,26),(78,3,4,26),(79,11,0,26),(80,15,0,26),(81,14,0,26),(82,16,0,26),(83,0,1,28),(84,1,4,28),(85,3,4,28),(86,5,4,28),(87,7,4,28),(88,15,1,28),(89,2,4,28),(90,4,4,28),(91,13,1,28),(92,6,1,28),(93,9,0,28),(94,10,1,28),(95,8,3,28),(96,12,0,28),(97,11,0,28),(98,16,2,28),(99,14,4,28),(100,19,0,28),(101,22,3,28),(102,23,0,28),(103,18,1,28),(104,17,4,28),(105,21,0,28),(106,20,0,28),(107,0,0,30),(108,2,0,30),(109,4,4,30),(110,12,0,30),(111,8,4,30),(112,7,4,30),(113,5,4,30),(114,17,0,30),(115,14,4,30),(116,22,0,30),(117,16,0,30),(118,21,0,30),(119,18,3,30),(120,20,1,30),(121,9,0,30),(122,13,0,30),(123,10,0,30),(124,6,4,30),(125,3,4,30),(126,23,4,30),(127,15,0,30),(128,11,0,30),(129,19,1,30),(130,1,4,30),(131,0,4,31),(132,5,1,31),(133,14,0,31),(134,13,1,31),(135,16,0,31),(136,3,4,31),(137,11,0,31),(138,18,3,31),(139,8,4,31),(140,6,1,31),(141,1,4,31),(142,17,1,31),(143,10,1,31),(144,7,4,31),(145,23,4,31),(146,22,0,31),(147,20,2,31),(148,21,2,31),(149,19,0,31),(150,2,4,31),(151,15,0,31),(152,9,0,31),(153,4,4,31),(154,12,0,31),(155,2,4,33),(156,16,4,33),(157,14,3,33),(158,0,4,33),(159,6,3,33),(160,1,4,33),(161,3,4,33),(162,4,0,33),(163,5,3,33),(164,8,1,33),(165,13,0,33),(166,9,1,33),(167,10,4,33),(168,7,4,33),(169,11,3,33),(170,12,0,33),(171,23,0,33),(172,21,4,33),(173,15,1,33),(174,20,4,33),(175,17,4,33),(176,22,3,33),(177,19,1,33),(178,18,3,33),(179,24,0,33),(180,8,0,34),(181,0,4,34),(182,10,4,34),(183,5,3,34),(184,6,1,34),(185,24,4,34),(186,4,4,34),(187,18,3,34),(188,9,3,34),(189,3,4,34),(190,7,4,34),(191,13,0,34),(192,15,3,34),(193,19,0,34),(194,23,0,34),(195,16,4,34),(196,22,0,34),(197,14,4,34),(198,20,4,34),(199,21,4,34),(200,11,3,34),(201,17,4,34),(202,12,0,34),(203,1,4,34),(204,2,4,34),(205,5,3,39),(206,16,4,39),(207,24,4,39),(208,11,4,39),(209,14,2,39),(210,8,1,39),(211,15,4,39),(212,22,4,39),(213,4,4,39),(214,21,4,39),(215,19,0,39),(216,9,4,39),(217,18,4,39),(218,6,0,39),(219,13,3,39),(220,7,4,39),(221,10,4,39),(222,1,3,39),(223,23,1,39),(224,3,4,39),(225,0,4,39),(226,17,4,39),(227,12,3,39),(228,20,4,39),(229,2,4,39),(230,25,0,39),(231,0,4,45),(232,16,3,45),(233,6,4,45),(234,10,4,45),(235,4,4,45),(236,23,3,45),(237,15,4,45),(238,3,4,45),(239,17,4,45),(240,18,1,45),(241,1,4,45),(242,12,4,45),(243,9,4,45),(244,8,4,45),(245,19,4,45),(246,22,3,45),(247,13,1,45),(248,14,4,45),(249,7,4,45),(250,11,4,45),(251,21,4,45),(252,25,4,45),(253,20,4,45),(254,24,4,45),(255,5,4,45),(256,2,4,45),(257,26,0,45),(258,6,4,48),(259,4,4,48),(260,21,2,48),(261,20,2,48),(262,14,4,48),(263,16,3,48),(264,19,0,48),(265,9,0,48),(266,5,4,48),(267,0,1,48),(268,11,1,48),(269,23,4,48),(270,8,4,48),(271,13,0,48),(272,2,1,48),(273,17,4,48),(274,22,3,48),(275,10,4,48),(276,25,4,48),(277,15,4,48),(278,3,4,48),(279,1,4,48),(280,12,0,48),(281,18,3,48),(282,26,4,48),(283,24,4,48),(284,7,4,48),(285,32,0,48),(286,27,0,48),(287,29,0,48),(288,31,0,48),(289,30,0,48),(290,28,0,48),(291,24,4,51),(292,5,4,51),(293,9,4,51),(294,8,4,51),(295,26,4,51),(296,12,4,51),(297,19,0,51),(298,0,0,51),(299,2,1,51),(300,23,4,51),(301,11,4,51),(302,29,4,51),(303,31,4,51),(304,20,4,51),(305,32,4,51),(306,13,0,51),(307,21,4,51),(308,16,4,51),(309,18,3,51),(310,6,4,51),(311,27,4,51),(312,15,4,51),(313,28,4,51),(314,30,4,51),(315,22,4,51),(316,14,4,51),(317,25,4,51),(318,17,4,51),(319,1,3,51),(320,10,4,51),(321,3,3,51),(322,7,4,51),(323,4,0,51),(324,35,0,51),(325,34,0,51),(326,33,0,51),(327,10,1,53),(328,15,0,53),(329,14,4,53),(330,6,4,55),(331,29,3,55),(332,8,0,55),(333,0,4,55),(334,9,0,55),(335,10,3,55),(336,5,1,55),(337,16,1,55),(338,20,1,55),(339,7,4,55),(340,13,0,55),(341,15,0,55),(342,3,4,55),(343,14,3,55),(344,17,4,55),(345,19,1,55),(346,23,3,55),(347,2,4,55),(348,4,4,55),(349,21,0,55),(350,1,4,55),(351,22,0,55),(352,18,3,55),(353,11,1,55),(354,12,0,55),(355,24,4,55),(356,25,4,55),(357,26,4,55),(358,28,4,55),(359,30,4,55),(360,32,4,55),(361,27,0,55),(362,31,0,55),(363,35,4,55),(364,34,4,55),(365,33,1,55),(366,42,1,55),(367,38,0,55),(368,40,0,55),(369,39,0,55),(370,37,0,55),(371,43,0,55),(372,41,0,55),(373,36,0,55),(374,0,4,57),(375,16,4,57),(376,8,0,57),(377,15,4,57),(378,1,4,57),(379,6,4,57),(380,11,4,57),(381,14,4,57),(382,19,4,57),(383,26,4,57),(384,29,3,57),(385,23,1,57),(386,13,4,57),(387,18,0,57),(388,3,4,57),(389,9,4,57),(390,10,4,57),(391,25,4,57),(392,12,4,57),(393,34,4,57),(394,30,3,57),(395,28,4,57),(396,22,4,57),(397,4,4,57),(398,35,0,57),(399,33,3,57),(400,32,4,57),(401,27,4,57),(402,2,3,57),(403,31,4,57),(404,5,1,57),(405,20,4,57),(406,40,4,57),(407,36,4,57),(408,42,1,57),(409,43,4,57),(410,41,4,57),(411,37,1,57),(412,38,3,57),(413,39,4,57),(414,21,4,57),(415,17,0,57),(416,24,4,57),(417,7,4,57),(418,21,4,61),(419,26,4,61),(420,38,2,61),(421,33,3,61),(422,23,4,61),(423,31,0,61);
/*!40000 ALTER TABLE `pqawv1_quizchoice` ENABLE KEYS */;
UNLOCK TABLES;

--
-- Table structure for table `pqawv1_quiztarget`
--

DROP TABLE IF EXISTS `pqawv1_quiztarget`;
/*!40101 SET @saved_cs_client     = @@character_set_client */;
 SET character_set_client = utf8mb4 ;
CREATE TABLE `pqawv1_quiztarget` (
  `id` bigint(20) NOT NULL AUTO_INCREMENT,
  `target_pqa_id` bigint(20) NOT NULL,
  `last_choice_id` bigint(20) NOT NULL,
  `quiz_id` bigint(20) NOT NULL,
  PRIMARY KEY (`id`),
  KEY `pqawV1_quiztarget_quiz_id_f765c5bf_fk_pqawV1_quiz_id` (`quiz_id`),
  CONSTRAINT `pqawV1_quiztarget_quiz_id_f765c5bf_fk_pqawV1_quiz_id` FOREIGN KEY (`quiz_id`) REFERENCES `pqawv1_quiz` (`id`)
) ENGINE=InnoDB AUTO_INCREMENT=23 DEFAULT CHARSET=utf8 COLLATE=utf8_unicode_ci;
/*!40101 SET character_set_client = @saved_cs_client */;

--
-- Dumping data for table `pqawv1_quiztarget`
--

LOCK TABLES `pqawv1_quiztarget` WRITE;
/*!40000 ALTER TABLE `pqawv1_quiztarget` DISABLE KEYS */;
INSERT INTO `pqawv1_quiztarget` VALUES (1,0,2,1),(2,1,4,2),(3,2,8,5),(4,5,14,15),(5,3,20,16),(6,4,26,17),(7,6,34,19),(8,8,42,20),(9,7,50,21),(10,9,65,24),(11,10,82,26),(12,11,106,28),(13,0,130,30),(14,10,154,31),(15,12,179,33),(16,13,204,34),(17,14,230,39),(18,15,257,45),(19,16,290,48),(20,17,326,51),(21,18,373,55),(22,19,417,57);
/*!40000 ALTER TABLE `pqawv1_quiztarget` ENABLE KEYS */;
UNLOCK TABLES;

--
-- Table structure for table `pqawv1_target`
--

DROP TABLE IF EXISTS `pqawv1_target`;
/*!40101 SET @saved_cs_client     = @@character_set_client */;
 SET character_set_client = utf8mb4 ;
CREATE TABLE `pqawv1_target` (
  `id` bigint(20) NOT NULL AUTO_INCREMENT,
  `pqa_id` bigint(20) DEFAULT NULL,
  `retain` tinyint(1) NOT NULL,
  `title` varchar(255) COLLATE utf8_unicode_ci NOT NULL,
  `link` longtext COLLATE utf8_unicode_ci NOT NULL,
  `image` varchar(255) COLLATE utf8_unicode_ci NOT NULL,
  `description` longtext COLLATE utf8_unicode_ci NOT NULL,
  `created` datetime(6) NOT NULL,
  `modified` datetime(6) NOT NULL,
  PRIMARY KEY (`id`),
  UNIQUE KEY `pqa_id` (`pqa_id`)
) ENGINE=InnoDB AUTO_INCREMENT=21 DEFAULT CHARSET=utf8 COLLATE=utf8_unicode_ci;
/*!40101 SET character_set_client = @saved_cs_client */;

--
-- Dumping data for table `pqawv1_target`
--

LOCK TABLES `pqawv1_target` WRITE;
/*!40000 ALTER TABLE `pqawv1_target` DISABLE KEYS */;
INSERT INTO `pqawv1_target` VALUES (1,0,1,'Fallout 4','https://en.wikipedia.org/wiki/Fallout_4','Uploads/TargetImages/2019/01/16/fallout-4-ps4-screenshots-leaked-19.jpg','Fallout 4 is an action role-playing game set in an open world environment, gameplay is similar to that of Fallout 3 and Fallout: New Vegas, the two previous primary iterations in the series. Returning features include a camera that can switch between a first-person and third-person perspective. Fallout 4 introduces features including a layered armor system, base-building, a dialogue system featuring 111,000 lines of dialogue,[1] a crafting system which implements every lootable object in the game. Enemies such as Mole Rats, Raiders, Super Mutants, Deathclaws, and Feral Ghouls return in Fallout 4, along with the companion Dogmeat.[2]\r\n\r\nThe player has the ability to freely roam in the game\'s world and leave a conversation at any time. If the player has discovered a certain location they may fast-travel to it. They have the ability to customize weapons; the game includes over 50 base guns, which can be crafted with a variety of modifications, such as barrel types and laser focus, with over 700 modifications available. Power Armor has been redesigned to be more like a vehicle than an equipable suit of armor, requiring energy cores and being essentially dead weight without it[3] and can be modified, allowing the player to add items such as a jetpack or selecting separate types of armor for each part of the suit.[4]\r\n\r\nA new feature to the series is the ability to craft and deconstruct settlements and buildings. The player can select many in-game objects and structures, and use them to freely build their own structures. In addition, the towns can be powered with working electricity, using a power line system. Merchants and non-player characters can inhabit the player\'s settlements, for which the player must provide sustenance by growing food in makeshift patches and building water pumps. The player can build various defenses around their settlements, such as turrets and traps, to defend against random attacks.[5]\r\n(from Wikipedia)','2019-01-16 20:29:02.032249','2019-01-16 20:29:02.032249'),(2,1,1,'Angry Birds 2','https://en.wikipedia.org/wiki/Angry_Birds_2','Uploads/TargetImages/2019/01/16/793285-angry-birds-2-android-screenshot-only-chuck-is-left-here-to.jpg','Like the original Angry Birds, players use a slingshot to launch birds at nearby structures; a key difference in Angry Birds 2 is the ability to select birds of desired choice from a deck. This can give the player more freedom by allowing the creation of their own unique strategies. The main enemies of the game are green-colored pigs of varying sizes and abilities to defend, who can be defeated by hitting them with birds or objects.\r\n\r\nIndividual birds and spells are represented on cards. Tapping on a card will select it, placing its contents on the slingshot for launching. Players increase their score by destroying objects and pigs and leveled up birds multiply the score. Birds can be leveled up by gaining feathers of the respective birds. The \"Destruct-o-meter\" fills up during play and if it gets full, a random card will be given to the player. Only three cards can be displayed at a time; the rest appear in the deck. The player begins with five lives and loses one if all cards have been used and at least one pig remains undefeated; once all five lives have been lost, the player must use gems, watch an advertisement or wait (30 minutes for each of the five lives) until the lives are refilled.[3]\r\n(from Wikipedia)','2019-01-16 20:52:37.014613','2019-01-16 20:52:37.014613'),(3,2,1,'Mass Effect: Andromeda','https://en.wikipedia.org/wiki/Mass_Effect:_Andromeda','Uploads/TargetImages/2019/01/17/masseffect_andromeda_ps4pro_1.png','Mass Effect: Andromeda is an action role-playing game in which the player takes control of either Scott or Sara Ryder from a third-person perspective.[1] Both Ryders\' appearances and first names can be determined by the player.[2] The appearance of their father, Alec, is automatically adjusted based on the appearance of the Ryder twins.[3] Upon beating the game, a New Game+ is unlocked, which allows the player to restart the game with certain bonuses and switch to playing as the other Ryder, if desired.[4] Players can also choose to continue playing with their existing character and complete unfinished missions.[5]\r\n\r\nUnlike previous installments in the Mass Effect series, where players begin each new game by choosing from six different character classes that each have their own unique set of skills, players instead have free rein to assign any skills that they want and build towards a specialty over the course of the game.[6] For example, if the player chooses to invest solely in biotic skills, Ryder will unlock the Adept profile, which results in bonuses related to that play style.[7] Experience points are earned by completing missions, and there is no cap on the number of points that can be earned.[8] Once enough points are gained, Ryder levels up, which allows for the unlocking and upgrading of skills along a tree.[9] Points assigned to each skill can be constantly reallocated so that players can experiment with multiple gameplay approaches without having to restart their games and build up their skills from scratch again.[10]\r\n\r\nSimilar to its predecessors, the player can interact with characters in Mass Effect: Andromeda using a radial command menu where the player\'s dialogue options depend on wheel direction.[6] Around the wheel are four types of responses that shape each conversation: emotional, logical, professional, and casual.[11] In general, conversations are based on agreeing or disagreeing with participants.[12] During some conversations, the player is prompted with an \"Impulse Action\" that offers an additional choice to what is available on the dialogue wheel.[13] For example, an on-screen prompt to \"shoot\" might appear and be momentarily selectable.[14] By conversing with non-player characters, Ryder can develop friendships and, in some cases, romantic relationships with them over time.[15] During both dialogue and quest sequences, the player is sometimes tasked with making moral decisions that do not have a clear good/bad distinction but are intended to be more nuanced, marking a departure from the Paragon/Renegade morality system of prior titles in the series.[16]','2019-01-16 21:11:24.532811','2019-01-16 21:11:24.532811'),(4,3,1,'Homeworld 1','https://en.wikipedia.org/wiki/Homeworld','Uploads/TargetImages/2019/01/18/Homeworld1.jpg','Homeworld is a real-time strategy video game for Microsoft Windows. Set in space, the science fiction game follows the Kushan exiles of the planet Kharak after their home planet is destroyed by the Taiidan Empire in retaliation for developing hyperspace jump technology. The survivors journey with their spacecraft-constructing mothership to reclaim their ancient homeworld of Hiigara from the Taiidan, encountering a variety of pirates, mercenaries, traders, and rebels along the way. In each of the game\'s levels, the player gathers resources, builds a fleet, and uses it to destroy enemy ships and accomplish mission objectives. The player\'s fleet carries over between levels, and can travel in a fully three-dimensional space within each level rather than being limited to a two-dimensional plane.','2019-01-18 13:31:57.183163','2019-01-18 13:31:57.183163'),(5,4,1,'Master of Orion II: Battle at Antares','https://en.wikipedia.org/wiki/Master_of_Orion_II:_Battle_at_Antares','Uploads/TargetImages/2019/01/18/Master_of_Orion_2.jpg','Master of Orion II is more complex than the original game, providing more gameplay options for the player. Three new alien races have been added, and there is the option for players to design and add their own race. Instead of the one planet per star system found in the original there are now multiplanet star systems that can be shared with opponents.[4] Spaceships can now engage in combat, marines can board enemy ships, and planets can be blown up. Multiplayer mode includes one-on-one matches and games with up to eight players.[2]\r\n\r\nVictory can be gained by military or diplomatic means. Major elements of the game\'s strategy include the design of custom races and the need to balance the requirements for food, production, cash and research. The user interface provides a central screen for most economic management and other screens that control research, diplomacy, ship movement, combat and warship design.\r\n\r\nConquering the Orion star system does not automatically win the game; it merely provides the powerful Avenger starship and some non-researchable Antaran technologies. There are three routes to victory: conquer all opponents; be elected as the supreme leader of the galaxy; or make a successful assault against the Antaran homeworld. To be elected, a player needs two-thirds of the total votes, and each empire\'s votes are based on the population under its control. (from Wikipedia)','2019-01-18 13:55:03.643049','2019-01-18 13:55:03.643049'),(6,5,1,'World of Tanks','https://en.wikipedia.org/wiki/World_of_Tanks','Uploads/TargetImages/2019/01/18/world_of_tanks.jpg','World of Tanks (WoT) is a massively multiplayer online game, featuring mid-20th century (1930s1960s) era combat vehicles. The player takes control of a single armored vehicle of their choice, and is placed into a battle on a random map. The player has control over the vehicle\'s movement, firing, and can communicate with allied players through typed or voice chat. A simple random match is won either by destroying all vehicles on the opposing team or capturing the opposing team\'s base. There are other game modes that change the rules of the battle, but gameplay mechanics remain the same. World of Tanks contains multiple game mechanics such as camouflage, shell ricochets, and module damage. (from Wikipedia)','2019-01-18 14:05:25.601398','2019-01-18 14:05:25.601398'),(7,6,1,'Hill Climb Racing 2','https://en.wikipedia.org/wiki/Hill_Climb_Racing_(video_game)#Sequel','Uploads/TargetImages/2019/01/18/us-android-3-hill-climb-racing-2.jpg','Hill Climb Racing 2 was released to Android devices on November 28th 2016, to iOS in December 2016 & to Windows 10 on March 23rd 2018. It has since been downloaded over 100 million times on the Google Play store alone & is the all time top grossing racing game for the platform.[4] The sequel introduced several new features including races, structured cups, challenges, special events and multiplayer. It also introduced all new vehicles and tuning parts as well as a large amount of cosmetic player and vehicle customization.','2019-01-18 14:50:10.547263','2019-01-18 14:50:10.547263'),(8,7,1,'Civilization VI','https://en.wikipedia.org/wiki/Civilization_VI','Uploads/TargetImages/2019/01/18/Civilization_VI_screenshot_1.jpg','As with other games in the series, the goal for the player is to lead their fledgling civilization from an early settlement through many millennia to become a world power and achieve one of several victory conditions, such as through military power, technological superiority, or cultural influence, over the other human and computer controlled opponents. Players do this by exploring the world, founding new cities, building city improvements, deploying military troops to attack and defend from others, researching new technologies and cultural civics, and engaging in trade and negotiations with other world leaders.\r\n\r\nA critical design focus was to avoid having the player follow a pre-set path of improvements towards their civilization which they had observed from earlier games. Civilization VI places more emphasis on the terrain by \"unstacking\" city improvements from the main city space and giving bonuses for placing improvements near certain terrains. Other new features include research on the game\'s technology tree based on nearby terrain, a similar technology tree for cultural improvements and a better government civics structure for those playing on a cultural victory path, and new artificial intelligence mechanics for computer-controlled opponents that include secret goals and randomized engagements to disrupt an otherwise stable game.\r\n(from Wikipedia)','2019-01-18 14:54:10.844468','2019-01-18 14:54:10.844468'),(9,8,1,'Grand Theft Auto V','https://en.wikipedia.org/wiki/Grand_Theft_Auto_V','Uploads/TargetImages/2019/01/18/Grand_Theft_Auto_V.jpg','Grand Theft Auto V is an action-adventure game[2] played from either a third-person[3] or first-person perspective.[4][b] Players complete missionslinear scenarios with set objectivesto progress through the story.[5] Outside of the missions, players may freely roam the open world. Composed of the San Andreas open countryside area, including the fictional Blaine County, and the fictional city of Los Santos, the world is much larger in area than earlier entries in the series.[6][c] It may be fully explored after the game\'s beginning without restriction, although story progress unlocks more gameplay content.\r\n\r\nPlayers use melee attacks, firearms and explosives to fight enemies,[d] and may run, jump, swim or use vehicles to navigate the world.[e] To accommodate the map\'s size, the game introduces vehicle types absent in its predecessor Grand Theft Auto IV, such as fixed-wing aircraft.[11] In combat, auto-aim and a cover system may be used as assistance against enemies.[12] Should players take damage, their health meter will gradually regenerate to its halfway point.[f] Players respawn at hospitals when their health depletes.[10] If players commit crimes, law enforcement agencies may respond as indicated by a \"wanted\" meter in the head-up display (HUD).[13] Stars displayed on the meter indicate the current wanted level (for example, at the maximum five-star level, police helicopters and SWAT teams swarm to lethally dispatch players).[14][g] Law enforcement officers will search for players who leave the wanted vicinity. The meter enters a cool-down mode and eventually recedes when players are hidden from the officers\' line of sight that displays on the mini-map.\r\n\r\nThe single-player mode lets players control three characters: Michael De Santa, Trevor Philips and Franklin Clintoncriminals whose stories interconnect as they complete missions. Some missions are completed with only one character and others feature two or three.[18] Outside the missions, players may switch between characters at will by a directional compass on the HUD. The game may switch characters automatically during missions to complete certain objectives. A character\'s compass avatar will flash red if he is in danger and needs help, and flash white if he has a strategic advantage.[19] Though players complete missions as any of the three protagonists, the more difficult heist missions require aid from AI-controlled accomplices with unique skill sets like computer hacking and driving. If an accomplice survives a successful heist, they take a cut from the cash reward[20] and may be available for later missions with improvements to their unique skills.[21] Some heists afford multiple strategies; in a holdup mission, players may either stealthily subdue civilians with an incapacitating agent or conspicuously storm the venue with guns drawn.[22]','2019-01-18 15:01:02.130105','2019-01-18 15:01:02.130105'),(10,9,1,'God of War 2018','https://en.wikipedia.org/wiki/God_of_War_(2018_video_game)','Uploads/TargetImages/2019/01/18/god_of_war_2018.jpg','Unlike previous games, which were loosely based on Greek mythology, this installment is loosely based on Norse mythology, with the majority of it set in ancient Norway in the realm of Midgard. For the first time in the series, there are two protagonists: Kratos, the former Greek God of War who remains as the only playable character, and his young son Atreus; at times, the player may passively control him. Following the death of Kratos\' second wife and Atreus\' mother, they journey to fulfill her promise to spread her ashes at the highest peak of the nine realms. Kratos keeps his troubled past a secret from Atreus, who is unaware of his divine nature. Along their journey, they encounter monsters and gods of the Norse world.','2019-01-18 15:23:09.593773','2019-01-18 15:23:09.593773'),(11,10,1,'Red Dead Redemption 2','https://en.wikipedia.org/wiki/Red_Dead_Redemption_2','Uploads/TargetImages/2019/01/18/Red_Dead_Redemption_2.jpg','Set in 1899 in a fictionalized version of the Western United States, the story centers on outlaw Arthur Morgan, a member of the Van der Linde gang dealing with the decline of the Wild West whilst attempting to survive against government forces, rival gangs, and other opponents. The story also follows fellow gang member John Marston, protagonist from the first Red Dead Redemption.\r\n\r\nRed Dead Redemption 2 is presented through both first and third-person perspectives, and the player may freely roam in its interactive open world. Gameplay elements include shootouts, heists, hunting, horseback riding, interacting with any non-player character (NPC), and maintaining the character\'s honor rating through moral choices and deeds. A bounty system similar to the \"wanted\" system from the Grand Theft Auto franchise governs the response of law enforcement and bounty hunters to crimes committed by the player. Red Dead Online, the online multiplayer mode of the game, was released as a beta version in November 2018.','2019-01-18 16:29:11.584403','2019-01-18 16:29:11.584403'),(12,11,1,'Monster Hunter: World','https://en.wikipedia.org/wiki/Monster_Hunter:_World','Uploads/TargetImages/2019/01/18/monsterhunterworld-9-1-1059531.jpg','In the game, the player takes the role of a Hunter, tasked to hunt down and either kill or trap monsters that roam in one of several environmental spaces. If successful, the player is rewarded through loot consisting of parts from the monster and other elements that are used to craft weapons and armor, amongst other equipment. The game\'s core loop has the player crafting appropriate gear to be able to hunt down more difficult monsters, which in turn provide parts that lead to more powerful gear. Players may hunt alone, or can hunt in cooperative groups of up to four players via the game\'s online services. (from Wikipedia)','2019-01-18 17:19:38.870375','2019-01-18 17:19:38.870375'),(13,12,1,'Heroes of Might and Magic III: The Restoration of Erathia','https://en.wikipedia.org/wiki/Heroes_of_Might_and_Magic_III','Uploads/TargetImages/2019/01/18/Heroes_of_Might_and_Magic_III.jpg','The player can choose to play through seven different campaigns telling the story, or play in a scenario against computer or human opponents.\r\n\r\nThe gameplay is very similar to its predecessors in that the player controls a number of heroes that command an army of creatures inspired by myth and legend. The gameplay is divided into two parts, tactical overland exploration and a turn based combat system. The player creates an army by spending resources at one of the eight town types in the game. The hero will progress in experience by engaging in combat with enemy heroes and monsters. The conditions for victory vary depending on the map, including conquest of all enemies and towns, collection of a certain amount of a resource, or finding the grail artifact.','2019-01-18 18:38:11.277884','2019-01-18 18:38:11.278885'),(14,13,1,'Diablo 1','https://en.wikipedia.org/wiki/Diablo_(video_game)','Uploads/TargetImages/2019/01/18/Diablo_1.png','Set in the fictional Kingdom of Khanduras (located in the mortal realm), Diablo has the player take control of a lone hero battling to rid the world of Diablo, the Lord of Terror. Beneath the town of Tristram, the player journeys through sixteen randomly generated dungeon levels, ultimately entering Hell itself in order to face Diablo.\r\nDiablo is an action role-playing hack and slash video game. The player moves and interacts with the environment primarily by way of a mouse.[8] Other actions, such as casting a spell, are performed in response to keyboard inputs.[8] The player can acquire items, learn spells, defeat enemies, and interact with non-player characters (NPC)s throughout the game.\r\n\r\nThe dungeon levels are randomly generated, although they follow parameters according to their type; for instance the catacombs tend to have long corridors and closed rooms, while the caves are more non-linear. The players are assigned a random number of quests from several tiers; these quests are optional but help to level up the character and/or reveal more of the backstory. The final two quests, however, are mandatory in order to finish the game.','2019-01-18 18:42:34.437646','2019-01-18 18:42:34.437646'),(15,14,1,'Super Smash Bros. Ultimate','https://en.wikipedia.org/wiki/Super_Smash_Bros._Ultimate','Uploads/TargetImages/2019/01/18/Super_Smash_Bros._Ultimate_-_Screenshot_01.png','The game follows the series\' traditional style of gameplay: controlling one of various characters, players must use differing attacks to weaken their opponents and knock them out of an arena. It features a wide variety of game modes, including a campaign for a single-player and multiplayer versus modes. Ultimate includes every playable character from previous Super Smash Bros. gamesranging from Nintendo\'s mascots to characters from third-party franchisesand several newcomers. (from Wikipedia)','2019-01-18 18:59:31.870651','2019-01-18 18:59:31.870651'),(16,15,1,'Celeste','https://en.wikipedia.org/wiki/Celeste_(video_game)','Uploads/TargetImages/2019/01/18/Celeste_-_Screenshot_03.png','Celeste is a platform game in which players control a girl named Madeline as she makes her way up a mountain while avoiding various deadly obstacles. Along with jumping and climbing up walls for a limited amount of time, Madeline has the ability to perform a mid-air dash in the eight cardinal and intercardinal directions. This move can only be performed once and must be replenished by either landing on the ground or hitting certain objects such as replenishing crystals (although the player is granted a second dash later on in the game). Throughout each level, the player will encounter additional mechanics, such as springs that launch the player or feathers that allow brief flight, and deadly objects such as spikes which kill Madeline (returning her to the start of the section). Players can also access an Assist Mode, where they can change some attributes about the game\'s physics. Some of these include: infinite air-dashes, invincibility, or slowing the game\'s speed. Hidden throughout each level are optional strawberries, obtained through challenging platforming or puzzle solving sections, which slightly affect the game\'s ending depending on how many are collected. Additionally, there are cassette tapes which unlock harder \"B-Side\" variations of certain levels, and crystal hearts used to access post-game content. Beating all the B-Sides then unlocks the \"C-Side\" versions, which consists of very hard but short variations upon the levels. Upon clearing all \"C-Sides\", the player can access the Variants menu. The Variants menu allows players to change the game\'s physics in a way similar to the game\'s Assist Mode. Some of these \"variant\" settings include: speeding the game up, 360 degree dashing, and low friction to all flat surfaces. These settings serve to make the game either more challenging or more fun. The original Celeste Classic Pico-8 prototype can also be found as a hidden minigame.\r\n(from Wikipedia)','2019-01-18 20:05:42.913886','2019-01-18 20:05:42.913886'),(17,16,1,'Spider-Man 2018','https://en.wikipedia.org/wiki/Spider-Man_(2018_video_game)','Uploads/TargetImages/2019/01/18/marvels-spider-man-screen-09-ps4-us-30mar18.jpg','Spider-Man is an open world action-adventure game set in the borough of Manhattan in a fictionalised version of modern-day New York City.[1][2] It is presented from a third-person perspective showing the playable character on screen and allowing the camera to be freely rotated around it.[2] The primary playable character is the superhero Spider-Man.[3] Spider-Man can navigate the world by jumping, using his Web Shooters to fire webs to swing between buildings, running along walls, and can automatically run and jump over obstacles. Webs can be precisely aimed to pull himself towards specific points.[2][4] Webs require physical objects to attach to for swinging, and the momentum and speed of the swing can be controlled by releasing the web at specific points to either go faster or higher.[5] The game features an optional fast travel system using the New York City Subway system. (from Wikipedia)','2019-01-18 20:38:43.097025','2019-01-18 20:38:43.097025'),(18,17,1,'Into the Breach','https://en.wikipedia.org/wiki/Into_the_Breach','Uploads/TargetImages/2019/01/19/Into_the_Breach.jpg','Into the Breach is set in the far future where humanity fights against an army of giant monsters collectively called the Vek. To combat them, the player controls soldiers that operate giant mechs that can be equipped with a variety of weapons, armor, and other equipment. The game uses a turn-based combat system, allowing the player to coordinate the actions of their team in response to enemy moves and actions that serve to telegraph their attacks.','2019-01-18 21:34:02.868326','2019-01-18 21:34:02.868326'),(19,18,1,'Assassin\'s Creed Odyssey','https://en.wikipedia.org/wiki/Assassin%27s_Creed_Odyssey','Uploads/TargetImages/2019/01/19/Assassins_Creed_Odyssey.jpg','Assassin\'s Creed Odyssey places more emphasis on role-playing elements than previous games in the series. The game contains dialogue options, branching quests, and multiple endings.[2] The player is able to choose the gender of the main character, adopting the role of Alexios or Kassandra.[3]The game features a notoriety system in which mercenaries chase after the player if they commit crimes like killing or stealing.[4]\r\n\r\nThe player character, Alexios or Kassandra, is a mercenary, and a descendant of the Spartan king Leonidas I. They inherit his broken spear, which is forged into a blade to become a weapon that grants the player special abilities in combat. The game uses a skill tree system that allows the player to unlock new abilities.[5] The three skill trees are \"hunter\", which improves player character\'s archery, \"warrior\", which puts emphasis on combat, and \"assassin\", which focuses on stealth. This replaces the system used in Origins, which granted the player a series of passive abilities.\r\n(from Wikipedia)','2019-01-18 22:07:28.256568','2019-01-18 22:07:28.256568'),(20,19,1,'Return of the Obra Dinn','https://en.wikipedia.org/wiki/Return_of_the_Obra_Dinn','Uploads/TargetImages/2019/01/19/14-return-of-the-obra-dinn-in-game-screenshots_p8j4.jpg','It is a puzzle video game. Return of the Obra Dinn is set aboard a fictional East India Company ghost ship in the early 1800s whose crew and passengers have all mysteriously died or disappeared, with the game\'s objective being to discover how. The player, as an agent of the shipping company assessing what happened, uses a combination of deductive reasoning and the use of a Memento Mortem stopwatch to return to the moment of a crew member\'s death to determine the identity of each of the sixty crew members, how and where they died and, if killed by human hands, the name of their killer. The game, played from the first-person view, uses a 1-bit monochromatic graphical style inspired by games on early Macintosh systems. (from Wikipedia)','2019-01-18 23:12:06.290669','2019-01-18 23:12:06.290669');
/*!40000 ALTER TABLE `pqawv1_target` ENABLE KEYS */;
UNLOCK TABLES;
/*!40103 SET TIME_ZONE=@OLD_TIME_ZONE */;

/*!40101 SET SQL_MODE=@OLD_SQL_MODE */;
/*!40014 SET FOREIGN_KEY_CHECKS=@OLD_FOREIGN_KEY_CHECKS */;
/*!40014 SET UNIQUE_CHECKS=@OLD_UNIQUE_CHECKS */;
/*!40101 SET CHARACTER_SET_CLIENT=@OLD_CHARACTER_SET_CLIENT */;
/*!40101 SET CHARACTER_SET_RESULTS=@OLD_CHARACTER_SET_RESULTS */;
/*!40101 SET COLLATION_CONNECTION=@OLD_COLLATION_CONNECTION */;
/*!40111 SET SQL_NOTES=@OLD_SQL_NOTES */;

-- Dump completed on 2019-01-19 16:37:14
